{
  "id": "egyptian",
  "name": "Egyptian Empire",
  "region": "Ancient Near East",
  "years": [
    -2401,
    -2276,
    -2226,
    -1901,
    -1751,
    -1651,
    -1451,
    -1351,
    -1271,
    -1196,
    -1076,
    -951,
    -851,
    -329,
    -325,
    -305,
    -297,
    -288,
    -283,
    -281,
    -279,
    -275,
    -269,
    -261,
    -252,
    -244,
    -235,
    -228,
    -225,
    -221,
    -218,
    -215,
    -208,
    -201,
    -193,
    -180,
    -168,
    -146,
    -119,
    -81,
    -41,
    -31,
    -29
  ],
  "defaultYear": -325,
  "peakYear": -325,
  "peakArea": 4829303.843047215,
  "startYear": -2401,
  "endYear": -29,
  "color": 16766720,
  "centroids": {
    "-2401": [
      29.202713721286617,
      31.368479879512662
    ],
    "-2276": [
      29.202713721286617,
      31.368479879512662
    ],
    "-2226": [
      29.202713721286617,
      31.368479879512662
    ],
    "-1901": [
      29.202713721286617,
      31.368479879512662
    ],
    "-1751": [
      27.07531242228126,
      31.261118220807894
    ],
    "-1651": [
      27.07531242228126,
      31.261118220807894
    ],
    "-1451": [
      25.93792250338787,
      31.305371933533095
    ],
    "-1351": [
      26.68853033186984,
      31.79902249570852
    ],
    "-1271": [
      26.572047443882628,
      31.742857623332707
    ],
    "-1196": [
      26.572047443882628,
      31.742857623332707
    ],
    "-1076": [
      25.93795928822768,
      31.30610759787466
    ],
    "-951": [
      27.31275037864611,
      30.811603494821913
    ],
    "-851": [
      27.31275037864611,
      30.811603494821913
    ],
    "-329": [
      33.480694385118355,
      32.78219569993694
    ],
    "-325": [
      33.1908545435594,
      52.66831478190699
    ],
    "-305": [
      29.382083416922626,
      31.448089108383996
    ],
    "-297": [
      29.54443076035392,
      31.805715939638823
    ],
    "-288": [
      29.992689928798622,
      30.450636475895948
    ],
    "-283": [
      29.989188059318657,
      30.448099001485403
    ],
    "-281": [
      31.249541729203298,
      29.562137528465563
    ],
    "-279": [
      29.951788352393077,
      30.470142123799384
    ],
    "-275": [
      29.964566849772247,
      30.46182056987064
    ],
    "-269": [
      29.753792064688668,
      31.60225513031251
    ],
    "-261": [
      29.882904100877603,
      31.560009224969214
    ],
    "-252": [
      28.950759953790225,
      31.072015889765623
    ],
    "-244": [
      29.290727709189785,
      29.902665295195558
    ],
    "-235": [
      29.455545297729444,
      30.101760267243378
    ],
    "-228": [
      29.4471327794041,
      30.105066351282172
    ],
    "-225": [
      29.44813153063538,
      30.10424188997746
    ],
    "-221": [
      29.4471327794041,
      30.105066351282172
    ],
    "-218": [
      29.000902577388185,
      29.587197290794577
    ],
    "-215": [
      29.231551232917685,
      29.927771740374986
    ],
    "-208": [
      29.25026636908393,
      29.919834771904956
    ],
    "-201": [
      29.24366230141897,
      29.920650162066906
    ],
    "-193": [
      29.54014954370821,
      28.080890986438295
    ],
    "-180": [
      29.1748178361375,
      28.57379561709427
    ],
    "-168": [
      31.486829392211195,
      24.19605924874785
    ],
    "-146": [
      28.484168794652632,
      29.218909134884274
    ],
    "-119": [
      28.450329665562332,
      29.14734153746235
    ],
    "-81": [
      27.881056535089577,
      30.407574261424628
    ],
    "-41": [
      27.72133301685522,
      30.344129851407754
    ],
    "-31": [
      33.33424361683953,
      29.55183520973174
    ],
    "-29": [
      27.720669524661364,
      30.343736372291822
    ]
  },
  "featureCount": {
    "-2401": 1,
    "-2276": 1,
    "-2226": 1,
    "-1901": 1,
    "-1751": 1,
    "-1651": 1,
    "-1451": 1,
    "-1351": 1,
    "-1271": 1,
    "-1196": 1,
    "-1076": 1,
    "-951": 1,
    "-851": 1,
    "-329": 1,
    "-325": 1,
    "-305": 1,
    "-297": 1,
    "-288": 1,
    "-283": 1,
    "-281": 1,
    "-279": 1,
    "-275": 1,
    "-269": 1,
    "-261": 1,
    "-252": 1,
    "-244": 1,
    "-235": 1,
    "-228": 1,
    "-225": 1,
    "-221": 1,
    "-218": 1,
    "-215": 1,
    "-208": 1,
    "-201": 1,
    "-193": 1,
    "-180": 1,
    "-168": 1,
    "-146": 1,
    "-119": 1,
    "-81": 1,
    "-41": 1,
    "-31": 1,
    "-29": 1
  },
  "areaByYear": {
    "-2401": 93286.06292448431,
    "-2276": 93286.06292448431,
    "-2226": 93286.06292448431,
    "-1901": 93286.06292448431,
    "-1751": 433182.3059937802,
    "-1651": 433182.3059937802,
    "-1451": 635841.4681346857,
    "-1351": 708712.3715466588,
    "-1271": 700582.9816042602,
    "-1196": 700582.9816042602,
    "-1076": 635995.8971432227,
    "-951": 340593.2203858999,
    "-851": 340593.2203858999,
    "-329": 1222536.8527939494,
    "-325": 4829303.843047215,
    "-305": 654221.5776290556,
    "-297": 704051.5318575733,
    "-288": 849717.1427467113,
    "-283": 849293.0118593797,
    "-281": 944653.2135243175,
    "-279": 846224.8580570017,
    "-275": 846933.8201652738,
    "-269": 741400.894430206,
    "-261": 754152.2144790648,
    "-252": 677600.4590893887,
    "-244": 783133.3848244564,
    "-235": 799106.6371646341,
    "-228": 798549.7426218373,
    "-225": 798674.075665646,
    "-221": 798549.7426218373,
    "-218": 738993.1595549858,
    "-215": 778443.0400992278,
    "-208": 780072.4164197779,
    "-201": 780314.1475653548,
    "-193": 505497.28069586365,
    "-180": 569918.1409976592,
    "-168": 156319.34605069787,
    "-146": 679301.0055973701,
    "-119": 669214.4168131829,
    "-81": 565834.1402795434,
    "-41": 554500.0864447906,
    "-31": 1272021.36542831,
    "-29": 554396.6573052664
  }
}