{
  "id": "egyptian",
  "name": "Egyptian Empire",
  "region": "Ancient Near East",
  "years": [
    -2851,
    -2601,
    -2401,
    -2276,
    -2226,
    -2151,
    -1901,
    -1751,
    -1651,
    -1551,
    -1451,
    -1351,
    -1271,
    -1196,
    -1076,
    -951,
    -851,
    -776,
    -726,
    -583,
    -541,
    -516,
    -375,
    -359,
    -344,
    -329,
    -325,
    -305,
    -297,
    -288,
    -283,
    -281,
    -279,
    -275,
    -269,
    -261,
    -252,
    -244,
    -235,
    -228,
    -225,
    -221,
    -218,
    -215,
    -208,
    -201,
    -193,
    -180,
    -168,
    -146,
    -119,
    -81,
    -41,
    -31,
    -29,
    1937,
    1946,
    1947,
    1948,
    1949,
    1951
  ],
  "defaultYear": -325,
  "peakYear": -325,
  "peakArea": 4829303.843047215,
  "startYear": -2851,
  "endYear": 1951,
  "color": 16766720,
  "centroids": {
    "-2851": [
      29.202713721286617,
      31.368479879512662
    ],
    "-2601": [
      29.202713721286617,
      31.368479879512662
    ],
    "-2401": [
      29.202713721286617,
      31.368479879512662
    ],
    "-2276": [
      29.202713721286617,
      31.368479879512662
    ],
    "-2226": [
      29.202713721286617,
      31.368479879512662
    ],
    "-2151": [
      25.809978785522627,
      32.2886486954057
    ],
    "-1901": [
      29.202713721286617,
      31.368479879512662
    ],
    "-1751": [
      27.07531242228126,
      31.261118220807894
    ],
    "-1651": [
      27.07531242228126,
      31.261118220807894
    ],
    "-1551": [
      28.79745307530405,
      31.581281782028316
    ],
    "-1451": [
      25.93792250338787,
      31.305371933533095
    ],
    "-1351": [
      26.68853033186984,
      31.79902249570852
    ],
    "-1271": [
      26.572047443882628,
      31.742857623332707
    ],
    "-1196": [
      26.572047443882628,
      31.742857623332707
    ],
    "-1076": [
      25.93795928822768,
      31.30610759787466
    ],
    "-951": [
      27.31275037864611,
      30.811603494821913
    ],
    "-851": [
      27.31275037864611,
      30.811603494821913
    ],
    "-776": [
      28.139791036869806,
      30.755020901539467
    ],
    "-726": [
      28.139791036869806,
      30.755020901539467
    ],
    "-583": [
      27.211200489390748,
      31.44590260419357
    ],
    "-541": [
      27.42104613983431,
      31.4946442971703
    ],
    "-516": [
      27.42104613983431,
      31.4946442971703
    ],
    "-375": [
      28.28315671252656,
      28.916158728794567
    ],
    "-359": [
      28.28168212326012,
      28.918499266270796
    ],
    "-344": [
      28.28168212326012,
      28.918499266270796
    ],
    "-329": [
      33.480694385118355,
      32.78219569993694
    ],
    "-325": [
      33.1908545435594,
      52.66831478190699
    ],
    "-305": [
      29.382083416922626,
      31.448089108383996
    ],
    "-297": [
      29.54443076035392,
      31.805715939638823
    ],
    "-288": [
      29.992689928798622,
      30.450636475895948
    ],
    "-283": [
      29.989188059318657,
      30.448099001485403
    ],
    "-281": [
      31.249541729203298,
      29.562137528465563
    ],
    "-279": [
      29.951788352393077,
      30.470142123799384
    ],
    "-275": [
      29.964566849772247,
      30.46182056987064
    ],
    "-269": [
      29.753792064688668,
      31.60225513031251
    ],
    "-261": [
      29.882904100877603,
      31.560009224969214
    ],
    "-252": [
      28.950759953790225,
      31.072015889765623
    ],
    "-244": [
      29.290727709189785,
      29.902665295195558
    ],
    "-235": [
      29.455545297729444,
      30.101760267243378
    ],
    "-228": [
      29.4471327794041,
      30.105066351282172
    ],
    "-225": [
      29.44813153063538,
      30.10424188997746
    ],
    "-221": [
      29.4471327794041,
      30.105066351282172
    ],
    "-218": [
      29.000902577388185,
      29.587197290794577
    ],
    "-215": [
      29.231551232917685,
      29.927771740374986
    ],
    "-208": [
      29.25026636908393,
      29.919834771904956
    ],
    "-201": [
      29.24366230141897,
      29.920650162066906
    ],
    "-193": [
      29.54014954370821,
      28.080890986438295
    ],
    "-180": [
      29.1748178361375,
      28.57379561709427
    ],
    "-168": [
      31.486829392211195,
      24.19605924874785
    ],
    "-146": [
      28.484168794652632,
      29.218909134884274
    ],
    "-119": [
      28.450329665562332,
      29.14734153746235
    ],
    "-81": [
      27.881056535089577,
      30.407574261424628
    ],
    "-41": [
      27.72133301685522,
      30.344129851407754
    ],
    "-31": [
      33.33424361683953,
      29.55183520973174
    ],
    "-29": [
      27.720669524661364,
      30.343736372291822
    ],
    "1937": [
      26.43716323645584,
      29.937908749971434
    ],
    "1946": [
      26.44361713833045,
      29.93761556430434
    ],
    "1947": [
      26.44112354244372,
      29.93426888815923
    ],
    "1948": [
      26.44191513949447,
      29.934986100906105
    ],
    "1949": [
      26.441807571801306,
      29.934927222331122
    ],
    "1951": [
      26.441807571801306,
      29.934927222331122
    ]
  },
  "featureCount": {
    "-2851": 1,
    "-2601": 1,
    "-2401": 1,
    "-2276": 1,
    "-2226": 1,
    "-2151": 1,
    "-1901": 1,
    "-1751": 1,
    "-1651": 1,
    "-1551": 3,
    "-1451": 1,
    "-1351": 1,
    "-1271": 1,
    "-1196": 1,
    "-1076": 1,
    "-951": 1,
    "-851": 1,
    "-776": 2,
    "-726": 2,
    "-583": 1,
    "-541": 1,
    "-516": 1,
    "-375": 1,
    "-359": 1,
    "-344": 1,
    "-329": 1,
    "-325": 1,
    "-305": 1,
    "-297": 1,
    "-288": 2,
    "-283": 2,
    "-281": 2,
    "-279": 2,
    "-275": 2,
    "-269": 2,
    "-261": 2,
    "-252": 2,
    "-244": 2,
    "-235": 2,
    "-228": 2,
    "-225": 2,
    "-221": 2,
    "-218": 2,
    "-215": 2,
    "-208": 2,
    "-201": 2,
    "-193": 2,
    "-180": 2,
    "-168": 2,
    "-146": 2,
    "-119": 2,
    "-81": 2,
    "-41": 2,
    "-31": 2,
    "-29": 2,
    "1937": 1,
    "1946": 1,
    "1947": 1,
    "1948": 1,
    "1949": 1,
    "1951": 1
  },
  "areaByYear": {
    "-2851": 93286.06292448431,
    "-2601": 93286.06292448431,
    "-2401": 93286.06292448431,
    "-2276": 93286.06292448431,
    "-2226": 93286.06292448431,
    "-2151": 19656.39645648069,
    "-1901": 93286.06292448431,
    "-1751": 433182.3059937802,
    "-1651": 433182.3059937802,
    "-1551": 93759.63663152239,
    "-1451": 635841.4681346857,
    "-1351": 708712.3715466588,
    "-1271": 700582.9816042602,
    "-1196": 700582.9816042602,
    "-1076": 635995.8971432227,
    "-951": 340593.2203858999,
    "-851": 340593.2203858999,
    "-776": 227761.2240563113,
    "-726": 227761.2240563113,
    "-583": 452849.4488884285,
    "-541": 464286.9318627058,
    "-516": 464286.9318627058,
    "-375": 687195.6261548295,
    "-359": 687438.3977928923,
    "-344": 687438.3977928923,
    "-329": 1222536.8527939494,
    "-325": 4829303.843047215,
    "-305": 654221.5776290556,
    "-297": 704051.5318575733,
    "-288": 1699434.2854934225,
    "-283": 1698586.0237187594,
    "-281": 1889306.427048635,
    "-279": 1692449.7161140034,
    "-275": 1693867.6403305477,
    "-269": 1482801.788860412,
    "-261": 1508304.4289581296,
    "-252": 1355200.9181787774,
    "-244": 1566266.7696489128,
    "-235": 1598213.2743292681,
    "-228": 1597099.4852436746,
    "-225": 1597348.151331292,
    "-221": 1597099.4852436746,
    "-218": 1477986.3191099716,
    "-215": 1556886.0801984556,
    "-208": 1560144.8328395558,
    "-201": 1560628.2951307097,
    "-193": 1010994.5613917273,
    "-180": 1139836.2819953184,
    "-168": 312638.69210139575,
    "-146": 1358602.0111947402,
    "-119": 1338428.8336263658,
    "-81": 1131668.2805590867,
    "-41": 1109000.1728895812,
    "-31": 2544042.73085662,
    "-29": 1108793.3146105327,
    "1937": 1005527.8514107015,