{
  "id": "phoenician",
  "name": "Phoenicia",
  "region": "Mediterranean",
  "years": [
    -1076,
    -951,
    -851,
    -776,
    -726,
    -688,
    -663,
    -641,
    -623,
    -608,
    -576,
    -541,
    -516
  ],
  "defaultYear": -608,
  "peakYear": -608,
  "peakArea": 34486.793180174915,
  "startYear": -1076,
  "endYear": -516,
  "color": 9662683,
  "centroids": {
    "-1076": [
      34.39141966062549,
      35.931798786763615
    ],
    "-951": [
      34.42835590322707,
      35.944151916494036
    ],
    "-851": [
      34.3339958455113,
      33.24591468945587
    ],
    "-776": [
      35.32260577454763,
      22.640976399060545
    ],
    "-726": [
      35.4526957177535,
      19.405317746298582
    ],
    "-688": [
      36.851280917157524,
      6.0438132441257215
    ],
    "-663": [
      36.857745837387085,
      7.934574355218075
    ],
    "-641": [
      36.254375733788535,
      8.134877857990993
    ],
    "-623": [
      35.76186320108904,
      7.417930594887442
    ],
    "-608": [
      35.615823779827416,
      16.218956025817477
    ],
    "-576": [
      36.16316572439681,
      7.706553194327955
    ],
    "-541": [
      36.28059500882653,
      5.089494116294683
    ],
    "-516": [
      36.28059500882653,
      5.089494116294683
    ]
  },
  "featureCount": {
    "-1076": 1,
    "-951": 1,
    "-851": 1,
    "-776": 1,
    "-726": 1,
    "-688": 2,
    "-663": 2,
    "-641": 2,
    "-623": 2,
    "-608": 1,
    "-576": 1,
    "-541": 1,
    "-516": 1
  },
  "areaByYear": {
    "-1076": 12354.262132582844,
    "-951": 12907.76489102426,
    "-851": 14559.750321462281,
    "-776": 25398.62744151667,
    "-726": 28407.293672626605,
    "-688": 18159.371204611798,
    "-663": 26689.74035028145,
    "-641": 28953.96454401009,
    "-623": 23742.12474176064,
    "-608": 34486.793180174915,
    "-576": 23742.124741760643,
    "-541": 21230.579172366633,
    "-516": 21230.579172366633
  }
}