{
  "id": "greek",
  "name": "Greek City-States",
  "region": "Mediterranean",
  "years": [
    -1051,
    -951,
    -851,
    -776,
    -726,
    -688,
    -663,
    -641,
    -623,
    -608,
    -576,
    -546,
    -536,
    -516,
    -491,
    -466,
    -428,
    -394,
    -375,
    -359,
    -344,
    -336,
    -333,
    -329,
    -325,
    -321,
    -317,
    -312,
    -305,
    -297,
    -288,
    -284,
    -283,
    -281,
    -279,
    -277,
    -274,
    -272,
    -268,
    -261,
    -252,
    -244,
    -235,
    -228,
    -225,
    -221,
    -216,
    -212,
    -210,
    -208,
    -205,
    -203,
    -200,
    -193,
    -180,
    -168,
    -155,
    -136,
    -119,
    -101,
    -90,
    -83,
    -72,
    -65,
    -56,
    -46,
    -35,
    20,
    72,
    80
  ],
  "defaultYear": -155,
  "peakYear": -155,
  "peakArea": 206476.18349857518,
  "startYear": -1051,
  "endYear": 80,
  "color": 4286945,
  "centroids": {
    "-1051": [
      37.67545911144941,
      23.31096097473064
    ],
    "-951": [
      37.18918771755787,
      25.155053321229488
    ],
    "-851": [
      37.18918771755787,
      25.155053321229488
    ],
    "-776": [
      37.27098879141023,
      24.837725527922835
    ],
    "-726": [
      37.359007089295595,
      24.684362322278236
    ],
    "-688": [
      38.307869533082524,
      23.69267222723679
    ],
    "-663": [
      38.31775384504957,
      23.719201744142044
    ],
    "-641": [
      38.45616003350413,
      25.227395878494995
    ],
    "-623": [
      38.30801788208425,
      24.55283872992723
    ],
    "-608": [
      37.555678460128874,
      23.863026344784892
    ],
    "-576": [
      37.604231565374555,
      23.785151184443183
    ],
    "-546": [
      39.32905823667246,
      23.256457428498077
    ],
    "-536": [
      39.44846503468135,
      22.75328413556593
    ],
    "-516": [
      39.430610766646,
      22.640337599398197
    ],
    "-491": [
      40.60335646508656,
      22.034283252678524
    ],
    "-466": [
      40.4561666751817,
      21.044629333577394
    ],
    "-428": [
      40.91098632322335,
      22.00344605534707
    ],
    "-394": [
      40.57791047850512,
      23.602065342655045
    ],
    "-375": [
      40.22193593194671,
      23.550792453630372
    ],
    "-359": [
      40.90767562253853,
      21.66521686535116
    ],
    "-344": [
      40.741364635032035,
      22.465499338148167
    ],
    "-336": [
      40.91390464572975,
      21.041295844242423
    ],
    "-333": [
      40.933592017949486,
      21.17312791537283
    ],
    "-329": [
      40.355899350640854,
      22.415364637807773
    ],
    "-325": [
      40.371769735785314,
      22.58127136299429
    ],
    "-321": [
      39.704337128378064,
      22.864961558482296
    ],
    "-317": [
      39.59372311639482,
      22.879407791239906
    ],
    "-312": [
      40.21559301699118,
      23.117895257130037
    ],
    "-305": [
      40.908463152087926,
      22.759784994055032
    ],
    "-297": [
      40.63568309049457,
      21.68310810700938
    ],
    "-288": [
      40.86815673944431,
      21.139731884300314
    ],
    "-284": [
      40.652864457764224,
      21.27347773520608
    ],
    "-283": [
      40.65343269764031,
      21.27244820318118
    ],
    "-281": [
      41.10406421217662,
      22.065824930631504
    ],
    "-279": [
      40.93540655112771,
      22.602931379509123
    ],
    "-277": [
      41.703181350625925,
      24.64297440591841
    ],
    "-274": [
      41.053609861740135,
      22.40660165489826
    ],
    "-272": [
      40.92796858674768,
      22.284252358812864
    ],
    "-268": [
      41.46812861828279,
      23.985819492252535
    ],
    "-261": [
      41.6773261899608,
      23.78237771531511
    ],
    "-252": [
      41.767364399159085,
      23.974675012975275
    ],
    "-244": [
      41.47466162770738,
      23.43041339486164
    ],
    "-235": [
      41.449489530204204,
      23.691213364228002
    ],
    "-228": [
      41.114571224153345,
      24.30347802303151
    ],
    "-225": [
      40.97748089735861,
      24.23671591255574
    ],
    "-221": [
      41.02060073561763,
      24.36276226625354
    ],
    "-216": [
      41.10437718111002,
      25.401820352759266
    ],
    "-212": [
      41.239856514120376,
      25.736143717828913
    ],
    "-210": [
      41.733116836496805,
      26.2083285598578
    ],
    "-208": [
      41.736062824592565,
      26.211729668283006
    ],
    "-205": [
      41.26633286689903,
      25.77186591188942
    ],
    "-203": [
      41.411102268158565,
      25.711941872210435
    ],
    "-200": [
      41.3806654603094,
      25.678254963962814
    ],
    "-193": [
      40.95593122774128,
      24.811815986853464
    ],
    "-180": [
      39.87779983903199,
      27.318601346517063
    ],
    "-168": [
      39.81579473886317,
      26.791321817827512
    ],
    "-155": [
      39.99583591688963,
      25.759000844605655
    ],
    "-136": [
      39.89049988434536,
      29.331379475004226
    ],
    "-119": [
      39.927529256010395,
      29.505729566391263
    ],
    "-101": [
      39.51337283758614,
      32.76071511352419
    ],
    "-90": [
      38.13352843481023,
      32.259171974572816
    ],
    "-83": [
      37.988044306063735,
      32.960369660883124
    ],
    "-72": [
      38.84514665175304,
      29.142809577712427
    ],
    "-65": [
      43.16589742331456,
      26.117364039554197
    ],
    "-56": [
      44.45009275018873,
      29.69013314694248
    ],
    "-46": [
      44.48173804434834,
      30.48544520319356
    ],
    "-35": [
      44.268092581413995,
      30.257016550809034
    ],
    "20": [
      45.193001761672164,
      32.05082270301393
    ],
    "72": [
      40.481530389396326,
      25.188463852632907
    ],
    "80": [
      40.69908946331785,
      24.653075105646497
    ]
  },
  "featureCount": {
    "-1051": 1,
    "-951": 1,
    "-851": 1,
    "-776": 1,
    "-726": 1,
    "-688": 1,
    "-663": 1,
    "-641": 1,
    "-623": 1,
    "-608": 1,
    "-576": 1,
    "-546": 1,
    "-536": 1,
    "-516": 1,
    "-491": 1,
    "-466": 1,
    "-428": 1,
    "-394": 1,
    "-375": 1,
    "-359": 1,
    "-344": 1,
    "-336": 1,
    "-333": 1,
    "-329": 1,
    "-325": 1,
    "-321": 1,
    "-317": 1,
    "-312": 1,
    "-305": 1,
    "-297": 1,
    "-288": 1,
    "-284": 1,
    "-283": 1,
    "-281": 1,
    "-279": 1,
    "-277": 1,
    "-274": 1,
    "-272": 1,
    "-268": 1,
    "-261": 1,
    "-252": 1,
    "-244": 1,
    "-235": 1,
    "-228": 1,
    "-225": 1,
    "-221": 1,
    "-216": 1,
    "-212": 1,
    "-210": 1,
    "-208": 1,
    "-205": 1,
    "-203": 1,
    "-200": 1,
    "-193": 1,
    "-180": 1,
    "-168": 1,
    "-155": 1,
    "-136": 1,
    "-119": 1,
    "-101": 1,
    "-90": 1,
    "-83": 1,
    "-72": 1,
    "-65": 1,
    "-56": 1,
    "-46": 1,
    "-35": 1,
    "20": 1,
    "72": 1,
    "80": 1
  },
  "areaByYear": {
    "-1051": 47391.008194466514,
    "-951": 58455.07526480012,
    "-851": 58455.07526480012,
    "-776": 56217.93669713562,
    "-726": 61396.75845310553,
    "-688": 88925.20091144113,
    "-663": 89653.28395237602,
    "-641": 121600.73049275468,
    "-623": 135703.31521501148,
    "-608": 164351.79838244754,
    "-576": 167305.27210588433,
    "-546": 188804.3546122995,
    "-536": 166275.97727709656,
    "-516": 166456.174432245,
    "-491": 145536.06127714075,
    "-466": 122744.38220560721,
    "-428": 124397.32143077106,
    "-394": 171623.69963899165,
    "-375": 177698.29980609473,
    "-359": 123443.64070272617,
    "-344": 143273.984212227,
    "-336": 93622.89233500346,
    "-333": 94444.04667525468,
    "-329": 104641.08448551381,
    "-325": 97454.71102973114,
    "-321": 133605.97004985556,
    "-317": 160454.90892569497,
    "-312": 100670.80405839483,
    "-305": 88303.04788354936,
    "-297": 87496.83184548127,
    "-288": 78914.9568124994,
    "-284": 92736.63728414905,