{
  "id": "etruscan",
  "name": "Etruscan Civilization",
  "region": "Mediterranean",
  "years": [
    -701,
    -626,
    -576,
    -546,
    -536,
    -516,
    -476,
    -417,
    -361,
    -332,
    -309,
    -282,
    -268
  ],
  "defaultYear": -516,
  "peakYear": -516,
  "peakArea": 66143.37198017238,
  "startYear": -701,
  "endYear": -268,
  "color": 14381203,
  "centroids": {
    "-701": [
      42.67912441030946,
      12.189174495799378
    ],
    "-626": [
      42.80308305276711,
      12.109936591773732
    ],
    "-576": [
      42.75375690907708,
      12.171142655622406
    ],
    "-546": [
      44.0360664827857,
      11.252947129251224
    ],
    "-536": [
      44.03428346892129,
      11.252660507489868
    ],
    "-516": [
      43.72812679013696,
      10.899679375816456
    ],
    "-476": [
      43.75196666670053,
      10.878793629538091
    ],
    "-417": [
      43.75307704477057,
      10.877532907995738
    ],
    "-361": [
      42.77448812560754,
      10.699256740337354
    ],
    "-332": [
      42.79678755386455,
      10.63935609885094
    ],
    "-309": [
      42.79984417495586,
      10.610357512475465
    ],
    "-282": [
      42.79031475435037,
      10.560760999060646
    ],
    "-268": [
      42.79031475435037,
      10.560760999060646
    ]
  },
  "featureCount": {
    "-701": 1,
    "-626": 1,
    "-576": 1,
    "-546": 1,
    "-536": 1,
    "-516": 1,
    "-476": 1,
    "-417": 1,
    "-361": 1,
    "-332": 1,
    "-309": 1,
    "-282": 1,
    "-268": 1
  },
  "areaByYear": {
    "-701": 43430.54276061378,
    "-626": 47556.470876850355,
    "-576": 49092.21178270168,
    "-546": 55073.89253672535,
    "-536": 55020.957008363235,
    "-516": 66143.37198017238,
    "-476": 65148.2044098013,
    "-417": 65124.06383244049,
    "-361": 33610.6273626113,
    "-332": 32253.887346053085,
    "-309": 31684.378447832238,
    "-282": 30501.213496335946,
    "-268": 30501.213496335946
  }
}