{
  "id": "mycenaean",
  "name": "Mycenaean Greece",
  "region": "Mediterranean",
  "years": [
    -1451,
    -1351,
    -1271,
    -1231,
    -1211,
    -1176,
    -1126
  ],
  "defaultYear": -1211,
  "peakYear": -1211,
  "peakArea": 68400.21824320094,
  "startYear": -1451,
  "endYear": -1126,
  "color": 4772300,
  "centroids": {
    "-1451": [
      38.15810116312707,
      22.61960750960908
    ],
    "-1351": [
      37.79828046303647,
      23.236503441581124
    ],
    "-1271": [
      37.79712760690297,
      23.236569527256645
    ],
    "-1231": [
      38.19414108913872,
      23.20776177391366
    ],
    "-1211": [
      38.1866744894168,
      23.2166065754197
    ],
    "-1176": [
      38.18604217080475,
      23.216644532436447
    ],
    "-1126": [
      37.88451647549954,
      22.907892824165533
    ]
  },
  "featureCount": {
    "-1451": 1,
    "-1351": 1,
    "-1271": 1,
    "-1231": 1,
    "-1211": 1,
    "-1176": 1,
    "-1126": 1
  },
  "areaByYear": {
    "-1451": 43969.23521072763,
    "-1351": 54460.20941214751,
    "-1271": 54411.37845168725,
    "-1231": 68002.9322262686,
    "-1211": 68400.21824320094,
    "-1176": 68351.38728274069,
    "-1126": 56396.85657023503
  }
}