{
  "id": "seleucid",
  "name": "Seleucid Empire",
  "region": "Persian/Central Asia",
  "years": [
    -317,
    -305,
    -297,
    -288,
    -283,
    -281,
    -279,
    -271,
    -261,
    -252,
    -244,
    -233,
    -225,
    -221,
    -218,
    -215,
    -212,
    -210,
    -208,
    -205,
    -203,
    -200,
    -193,
    -180,
    -168,
    -155,
    -136,
    -119,
    -101,
    -90,
    -83,
    -65
  ],
  "defaultYear": -297,
  "peakYear": -297,
  "peakArea": 2975692.3253196427,
  "startYear": -317,
  "endYear": -65,
  "color": 4620980,
  "centroids": {
    "-317": [
      31.759100467946332,
      46.307888819224246
    ],
    "-305": [
      33.001535549897916,
      57.96120317783033
    ],
    "-297": [
      33.620473527215786,
      55.84051715959805
    ],
    "-288": [
      34.23610235698123,
      54.54988424676827
    ],
    "-283": [
      34.23625600535447,
      54.54911230502436
    ],
    "-281": [
      34.715745767809125,
      52.21567958168632
    ],
    "-279": [
      34.50026695892944,
      53.02037188553765
    ],
    "-271": [
      34.4988852602936,
      53.026601063645785
    ],
    "-261": [
      34.48904699144939,
      53.1273232331156
    ],
    "-252": [
      34.57326636997864,
      52.61279930189871
    ],
    "-244": [
      33.928533451029,
      49.62345719555521
    ],
    "-233": [
      32.96621539704625,
      51.907695426569546
    ],
    "-225": [
      33.42297311924702,
      50.1026794221178
    ],
    "-221": [
      32.96704596484631,
      51.90566166024157
    ],
    "-218": [
      33.027514002177504,
      51.388813773190606
    ],
    "-215": [
      33.0204506356011,
      51.70387876682881
    ],
    "-212": [
      33.46049870335765,
      49.964367235145296
    ],
    "-210": [
      34.089583699087314,
      49.32550517755152
    ],
    "-208": [
      34.08842184994447,
      49.32644448964588
    ],
    "-205": [
      34.08915777254692,
      49.32697435728112
    ],
    "-203": [
      34.080777754509825,
      49.35342484761284
    ],
    "-200": [
      34.08105645427026,
      49.35238737625781
    ],
    "-193": [
      34.0705774395594,
      48.7967378193532
    ],
    "-180": [
      32.91775819093556,
      51.44813820486234
    ],
    "-168": [
      31.818164251079594,
      47.209907481560776
    ],
    "-155": [
      34.30037390654221,
      42.95307167707053
    ],
    "-136": [
      35.22100781236172,
      41.479989476834085
    ],
    "-119": [
      35.8252728025721,
      38.632826617867856
    ],
    "-101": [
      34.738765761114,
      36.81471624824223
    ],
    "-90": [
      34.79220978473531,
      36.84769903710101
    ],
    "-83": [
      34.793982276858294,
      36.84869947741573
    ],
    "-65": [
      35.01339244117725,
      36.90429292333792
    ]
  },
  "featureCount": {
    "-317": 1,
    "-305": 1,
    "-297": 1,
    "-288": 1,
    "-283": 1,
    "-281": 1,
    "-279": 1,
    "-271": 1,
    "-261": 1,
    "-252": 1,
    "-244": 1,
    "-233": 1,
    "-225": 1,
    "-221": 1,
    "-218": 1,
    "-215": 1,
    "-212": 1,
    "-210": 1,
    "-208": 1,
    "-205": 1,
    "-203": 1,
    "-200": 1,
    "-193": 1,
    "-180": 1,
    "-168": 1,
    "-155": 1,
    "-136": 1,
    "-119": 1,
    "-101": 1,
    "-90": 1,
    "-83": 1,
    "-65": 1
  },
  "areaByYear": {
    "-317": 116883.42698719038,
    "-305": 2319394.654774997,
    "-297": 2975692.3253196427,
    "-288": 2537856.27375571,
    "-283": 2537980.0935354615,
    "-281": 2794817.5770000974,
    "-279": 2692263.529387616,
    "-271": 2691735.5216566836,
    "-261": 2680693.8100278187,
    "-252": 2757912.013138267,
    "-244": 2269841.1104042553,
    "-233": 1870526.9024805103,
    "-225": 2032501.4153674706,
    "-221": 1871081.9952941493,
    "-218": 1932807.324522604,
    "-215": 1894021.1622980973,
    "-212": 2052557.6375094159,
    "-210": 2277496.200584792,
    "-208": 2276766.216002872,
    "-205": 2277351.098475336,
    "-203": 2274599.548796731,
    "-200": 2274670.7213666025,
    "-193": 2366483.694135541,
    "-180": 1924505.0338225884,
    "-168": 2448350.3433422144,
    "-155": 669752.9932863794,
    "-136": 491246.34880879446,
    "-119": 222503.93521803693,
    "-101": 91553.17871713746,
    "-90": 88848.11972275574,
    "-83": 88922.83771139303,
    "-65": 78193.62463321301
  }
}