{
  "id": "seleucid",
  "name": "Seleucid Empire",
  "region": "Persian/Central Asia",
  "years": [
    -317,
    -305,
    -297,
    -288,
    -283,
    -281,
    -279,
    -271,
    -261,
    -252,
    -244,
    -233,
    -225,
    -221,
    -218,
    -215,
    -212,
    -210,
    -208,
    -205,
    -203,
    -200,
    -193,
    -180,
    -168,
    -155,
    -136,
    -119,
    -101,
    -90,
    -83,
    -65
  ],
  "defaultYear": -297,
  "peakYear": -297,
  "peakArea": 5951384.650639285,
  "startYear": -317,
  "endYear": -65,
  "color": 52945,
  "centroids": {
    "-317": [
      31.759100467946332,
      46.307888819224246
    ],
    "-305": [
      33.001535549897916,
      57.96120317783033
    ],
    "-297": [
      33.620473527215786,
      55.84051715959805
    ],
    "-288": [
      34.23610235698123,
      54.54988424676827
    ],
    "-283": [
      34.23625600535447,
      54.54911230502436
    ],
    "-281": [
      34.715745767809125,
      52.21567958168632
    ],
    "-279": [
      34.50026695892944,
      53.02037188553765
    ],
    "-271": [
      34.4988852602936,
      53.026601063645785
    ],
    "-261": [
      34.48904699144939,
      53.1273232331156
    ],
    "-252": [
      34.57326636997864,
      52.61279930189871
    ],
    "-244": [
      33.928533451029,
      49.62345719555521
    ],
    "-233": [
      32.96621539704625,
      51.907695426569546
    ],
    "-225": [
      33.42297311924702,
      50.1026794221178
    ],
    "-221": [
      32.96704596484631,
      51.90566166024157
    ],
    "-218": [
      33.027514002177504,
      51.388813773190606
    ],
    "-215": [
      33.0204506356011,
      51.70387876682881
    ],
    "-212": [
      33.46049870335765,
      49.964367235145296
    ],
    "-210": [
      34.089583699087314,
      49.32550517755152
    ],
    "-208": [
      34.08842184994447,
      49.32644448964588
    ],
    "-205": [
      34.08915777254692,
      49.32697435728112
    ],
    "-203": [
      34.080777754509825,
      49.35342484761284
    ],
    "-200": [
      34.08105645427026,
      49.35238737625781
    ],
    "-193": [
      34.0705774395594,
      48.7967378193532
    ],
    "-180": [
      32.91775819093556,
      51.44813820486234
    ],
    "-168": [
      31.818164251079594,
      47.209907481560776
    ],
    "-155": [
      34.30037390654221,
      42.95307167707053
    ],
    "-136": [
      35.22100781236172,
      41.479989476834085
    ],
    "-119": [
      35.8252728025721,
      38.632826617867856
    ],
    "-101": [
      34.738765761114,
      36.81471624824223
    ],
    "-90": [
      34.79220978473531,
      36.84769903710101
    ],
    "-83": [
      34.793982276858294,
      36.84869947741573
    ],
    "-65": [
      35.01339244117725,
      36.90429292333792
    ]
  },
  "featureCount": {
    "-317": 1,
    "-305": 2,
    "-297": 2,
    "-288": 2,
    "-283": 2,
    "-281": 2,
    "-279": 2,
    "-271": 2,
    "-261": 2,
    "-252": 2,
    "-244": 2,
    "-233": 2,
    "-225": 2,
    "-221": 2,
    "-218": 2,
    "-215": 2,
    "-212": 2,
    "-210": 2,
    "-208": 2,
    "-205": 2,
    "-203": 2,
    "-200": 2,
    "-193": 2,
    "-180": 2,
    "-168": 2,
    "-155": 2,
    "-136": 2,
    "-119": 2,
    "-101": 2,
    "-90": 2,
    "-83": 2,
    "-65": 2
  },
  "areaByYear": {
    "-317": 116883.42698719038,
    "-305": 4638789.309549994,
    "-297": 5951384.650639285,
    "-288": 5075712.54751142,
    "-283": 5075960.187070923,
    "-281": 5589635.154000195,
    "-279": 5384527.058775232,
    "-271": 5383471.043313367,
    "-261": 5361387.620055637,
    "-252": 5515824.026276534,
    "-244": 4539682.220808511,
    "-233": 3741053.8049610206,
    "-225": 4065002.830734941,
    "-221": 3742163.9905882985,
    "-218": 3865614.649045208,
    "-215": 3788042.3245961946,
    "-212": 4105115.2750188317,
    "-210": 4554992.401169584,
    "-208": 4553532.432005744,
    "-205": 4554702.196950672,
    "-203": 4549199.097593462,
    "-200": 4549341.442733205,
    "-193": 4732967.388271082,
    "-180": 3849010.067645177,
    "-168": 4896700.686684429,
    "-155": 1339505.9865727588,
    "-136": 982492.6976175889,
    "-119": 445007.87043607386,
    "-101": 183106.35743427492,
    "-90": 177696.23944551148,
    "-83": 177845.67542278607,
    "-65": 156387.24926642602
  }
}