{
  "id": "olmec",
  "name": "Olmec Civilization",
  "region": "Americas",
  "years": [
    -509,
    -359
  ],
  "defaultYear": -509,
  "peakYear": -509,
  "peakArea": 17602.6378658469,
  "startYear": -509,
  "endYear": -359,
  "color": 2263842,
  "centroids": {
    "-509": [
      18.159242740604512,
      -94.23614463434568
    ],
    "-359": [
      18.311355979957174,
      -95.19329519927348
    ]
  },
  "featureCount": {
    "-509": 1,
    "-359": 1
  },
  "areaByYear": {
    "-509": 17602.6378658469,
    "-359": 5864.584327754829
  }
}