{
  "id": "maurya",
  "name": "Maurya Empire",
  "region": "South Asia",
  "years": [
    -317,
    -309,
    -297,
    -274,
    -241,
    -207,
    -180
  ],
  "defaultYear": -241,
  "peakYear": -241,
  "peakArea": 3946782.9224568973,
  "startYear": -317,
  "endYear": -180,
  "color": 8388352,
  "centroids": {
    "-317": [
      25.831684469736658,
      80.94707838169747
    ],
    "-309": [
      26.184350873116124,
      78.39361121115624
    ],
    "-297": [
      27.577913583432885,
      77.14138185490063
    ],
    "-274": [
      24.800024688731433,
      77.04444766708812
    ],
    "-241": [
      24.6268236734627,
      77.24755509936506
    ],
    "-207": [
      24.748025637320207,
      83.0569156144593
    ],
    "-180": [
      24.74802563732023,
      83.05691561445929
    ]
  },
  "featureCount": {
    "-317": 1,
    "-309": 1,
    "-297": 1,
    "-274": 1,
    "-241": 1,
    "-207": 1,
    "-180": 1
  },
  "areaByYear": {
    "-317": 1713098.5284245466,
    "-309": 2117096.335250026,
    "-297": 2621813.8520765724,
    "-274": 3816433.4603494015,
    "-241": 3946782.9224568973,
    "-207": 1140195.3791244926,
    "-180": 1140195.3791244926
  }
}