{
  "id": "macedonian",
  "name": "Macedonian Empire",
  "region": "Mediterranean",
  "years": [
    -613,
    -526,
    -491,
    -466,
    -428,
    -386,
    -359,
    -344,
    -336,
    -333,
    -329,
    -325,
    -321,
    -317,
    -312,
    -305,
    -297,
    -288,
    -283,
    -281,
    -279,
    -275,
    -272,
    -268,
    -261,
    -252,
    -244,
    -235,
    -228,
    -221,
    -215,
    -212,
    -210,
    -208,
    -205,
    -203,
    -200,
    -184,
    -168
  ],
  "defaultYear": -321,
  "peakYear": -321,
  "peakArea": 9880635.931724563,
  "startYear": -613,
  "endYear": -168,
  "color": 16746598,
  "centroids": {
    "-613": [
      40.42070275314941,
      22.355400373579343
    ],
    "-526": [
      40.866315941475904,
      22.656147222630928
    ],
    "-491": [
      40.86844644705126,
      22.256498446589653
    ],
    "-466": [
      40.78696715067203,
      21.925227405035425
    ],
    "-428": [
      40.834674966103236,
      22.239365753215946
    ],
    "-386": [
      40.83579233727639,
      22.23121911807507
    ],
    "-359": [
      40.86522370450929,
      22.236471166556576
    ],
    "-344": [
      40.48875657948028,
      22.191844871182845
    ],
    "-336": [
      41.95119094129007,
      24.51223301811916
    ],
    "-333": [
      39.91733908936138,
      28.85782748349657
    ],
    "-329": [
      41.95159718958501,
      24.519653667211404
    ],
    "-325": [
      41.950820924933375,
      24.522263484798493
    ],
    "-321": [
      32.9042643342932,
      47.350478610488196
    ],
    "-317": [
      32.96322091469101,
      53.45855180422334
    ],
    "-312": [
      33.59711229623722,
      51.072097740293565
    ],
    "-305": [
      35.786879786554685,
      49.41903995464493
    ],
    "-297": [
      39.78325665364785,
      22.568271797901478
    ],
    "-288": [
      40.157840378348205,
      21.93317686815321
    ],
    "-283": [
      38.03796401067607,
      22.68589263252227
    ],
    "-281": [
      38.496615217652916,
      22.53877087100671
    ],
    "-279": [
      38.04002589805476,
      22.758411745561446
    ],
    "-275": [
      40.33866041712129,
      22.475285825947484
    ],
    "-272": [
      40.62987752570548,
      23.9123652222142
    ],
    "-268": [
      40.14071510221722,
      22.911226110090205
    ],
    "-261": [
      40.39003474905199,
      22.896756722864353
    ],
    "-252": [
      40.10908598209448,
      22.648528579971686
    ],
    "-244": [
      40.14231934277501,
      22.910301087992558
    ],
    "-235": [
      40.11560425058657,
      22.9611340363118
    ],
    "-228": [
      40.533007617708556,
      23.085167229502403
    ],
    "-221": [
      40.71491365164575,
      23.05793677432788
    ],
    "-215": [
      40.71401406673079,
      23.052700808481685
    ],
    "-212": [
      40.79995361972454,
      22.680098167700375
    ],
    "-210": [
      40.82419164234443,
      22.622508898892388
    ],
    "-208": [
      40.83310525519313,
      22.620990591121135
    ],
    "-205": [
      40.848431072575764,
      22.616553730875935
    ],
    "-203": [
      40.840259680379276,
      22.716151857425285
    ],
    "-200": [
      40.79389676046029,
      22.738340790786594
    ],
    "-184": [
      40.66728693621222,
      23.037963849328865
    ],
    "-168": [
      41.22474068293696,
      22.248605049499876
    ]
  },
  "featureCount": {
    "-613": 1,
    "-526": 1,
    "-491": 1,
    "-466": 1,
    "-428": 1,
    "-386": 1,
    "-359": 1,
    "-344": 1,
    "-336": 1,
    "-333": 1,
    "-329": 1,
    "-325": 2,
    "-321": 4,
    "-317": 2,
    "-312": 2,
    "-305": 1,
    "-297": 1,
    "-288": 1,
    "-283": 1,
    "-281": 1,
    "-279": 1,
    "-275": 1,
    "-272": 1,
    "-268": 1,
    "-261": 1,
    "-252": 1,
    "-244": 1,
    "-235": 1,
    "-228": 1,
    "-221": 1,
    "-215": 1,
    "-212": 1,
    "-210": 1,
    "-208": 1,
    "-205": 1,
    "-203": 1,
    "-200": 1,
    "-184": 1,
    "-168": 1
  },
  "areaByYear": {
    "-613": 2705.716791723406,
    "-526": 19107.090155201204,
    "-491": 28684.054268718453,
    "-466": 23355.00555205175,
    "-428": 29435.625876748283,
    "-386": 29194.329551994946,
    "-359": 28417.926355089003,
    "-344": 57048.86584008333,
    "-336": 218194.5319506605,
    "-333": 584482.2655678468,
    "-329": 218097.69622730385,
    "-325": 436342.3266850804,
    "-321": 9880635.931724563,
    "-317": 9603624.196566915,
    "-312": 9316228.753310036,
    "-305": 1526543.4942447734,
    "-297": 150526.3625740726,
    "-288": 126228.93901005614,
    "-283": 25325.91436957246,
    "-281": 36779.062877694174,
    "-279": 23556.006217940856,
    "-275": 137362.57713737123,
    "-272": 60724.20107338207,
    "-268": 115718.42509684335,
    "-261": 105181.3986695613,
    "-252": 128089.6365372291,
    "-244": 114795.29188762711,
    "-235": 116738.67335445897,
    "-228": 101400.17480536735,
    "-221": 92866.77768364601,
    "-215": 93060.76037630944,
    "-212": 108649.1235924259,
    "-210": 112358.84472170316,
    "-208": 111918.15134619521,
    "-205": 110677.3274788453,
    "-203": 112396.1874155256,
    "-200": 114122.39961037748,
    "-184": 50393.64959108698,
    "-168": 43431.30098185244
  }
}