{"type":"FeatureCollection","features":[{"id":"0","type":"Feature","properties":{},"geometry":{"type":"Polygon","coordinates":[[[3.326461035354015,52.54989142777829,0.0],[3.32985971245479,52.549410647751955,0.0],[3.32774673316591,52.54602272576912,0.0],[3.3298803128846735,52.54184526325029,0.0],[3.3264320080410017,52.5459792221579,0.0],[3.326461035354015,52.54989142777829,0.0]]]}},{"id":"1","type":"Feature","properties":{},"geometry":{"type":"Polygon","coordinates":[[[4.178623488201368,52.69639683343627,0.0],[4.1802524897945865,52.693420669065254,0.0],[4.1799284799987735,52.69282024845679,0.0],[4.1772332763807185,52.693634063970364,0.0],[4.178623488201368,52.69639683343627,0.0]]]}},{"id":"2","type":"Feature","properties":{},"geometry":{"type":"Polygon","coordinates":[[[4.180587203454313,52.690703751564,0.0],[4.181555766205703,52.68993779301216,0.0],[4.180651861577111,52.68978525357226,0.0],[4.180587203454313,52.690703751564,0.0]]]}},{"id":"3","type":"Feature","properties":{},"geometry":{"type":"Polygon","coordinates":[[[4.3159415553745815,52.709460548517036,0.0],[4.316667662707365,52.71029386544804,0.0],[4.3169265326795765,52.71000963965689,0.0],[4.3159415553745815,52.709460548517036,0.0]]]}},{"id":"4","type":"Feature","properties":{},"geometry":{"type":"Polygon","coordinates":[[[4.322351669910885,52.719408109441616,0.0],[4.323205428885032,52.7191956412573,0.0],[4.322280851466859,52.71867609848989,0.0],[4.322351669910885,52.719408109441616,0.0]]]}},{"id":"5","type":"Feature","properties":{},"geometry":{"type":"Polygon","coordinates":[[[4.161133734140636,52.66162407725696,0.0],[4.161709787130207,52.66153010688966,0.0],[4.161178610779091,52.66132762845188,0.0],[4.161133734140636,52.66162407725696,0.0]]]}},{"id":"6","type":"Feature","properties":{},"geometry":{"type":"Polygon","coordinates":[[[4.145167324507437,52.654695028252114,0.0],[4.146145258718481,52.65446771102827,0.0],[4.145339003372603,52.65418567676338,0.0],[4.145167324507437,52.654695028252114,0.0]]]}},{"id":"7","type":"Feature","properties":{},"geometry":{"type":"Polygon","coordinates":[[[4.137418615650157,52.64590163877957,0.0],[4.139234679725875,52.646346241657895,0.0],[4.1399681820057825,52.64597418509315,0.0],[4.139424028365979,52.64566475651636,0.0],[4.137418615650157,52.64590163877957,0.0]]]}},{"id":"8","type":"Feature","properties":{},"geometry":{"type":"Polygon","coordinates":[[[4.148291160155769,52.64627256075077,0.0],[4.149050274431171,52.64574933165877,0.0],[4.148041766538818,52.645856682616845,0.0],[4.148291160155769,52.64627256075077,0.0]]]}},{"id":"9","type":"Feature","properties":{},"geometry":{"type":"Polygon","coordinates":[[[4.135695524372721,52.6338971967776,0.0],[4.136342770106943,52.6334405463533,0.0],[4.1356794215273975,52.63335668512706,0.0],[4.135695524372721,52.6338971967776,0.0]]]}},{"id":"10","type":"Feature","properties":{},"geometry":{"type":"Polygon","coordinates":[[[4.135503980202581,52.622949956580506,0.0],[4.133623941179184,52.623752867088854,0.0],[4.133502994865883,52.62402097288947,0.0],[4.135503980202581,52.622949956580506,0.0]]]}},{"id":"11","type":"Feature","properties":{},"geometry":{"type":"Polygon","coordinates":[[[4.12918444886825,52.621791823688596,0.0],[4.129735482336124,52.62218957732758,0.0],[4.129827760362004,52.62179077210962,0.0],[4.12918444886825,52.621791823688596,0.0]]]}},{"id":"12","type":"Feature","properties":{},"geometry":{"type":"Polygon","coordinates":[[[4.134681442924415,52.624861249097606,0.0],[4.134951586713825,52.625399841357016,0.0],[4.135217054116709,52.625163766847244,0.0],[4.134681442924415,52.624861249097606,0.0]]]}},{"id":"13","type":"Feature","properties":{},"geometry":{"type":"Polygon","coordinates":[[[4.153489085594787,52.60132516292788,0.0],[4.15826396319865,52.5997830455856,0.0],[4.158864799840578,52.59881028238244,0.0],[4.15212875978768,52.600228707302534,0.0],[4.153489085594787,52.60132516292788,0.0]]]}},{"id":"14","type":"Feature","properties":{},"geometry":{"type":"Polygon","coordinates":[[[4.159352212212666,52.60097451125417,0.0],[4.160053644335181,52.60053733328715,0.0],[4.159290479792543,52.60062416789385,0.0],[4.159352212212666,52.60097451125417,0.0]]]}},{"id":"15","type":"Feature","properties":{},"geometry":{"type":"Polygon","coordinates":[[[4.147243324917429,52.598595184557915,0.0],[4.148398998505346,52.59879478921552,0.0],[4.149131972775055,52.598462148388755,0.0],[4.148567802445017,52.59826486427551,0.0],[4.147243324917429,52.598595184557915,0.0]]]}},{"id":"16","type":"Feature","properties":{},"geometry":{"type":"Polygon","coordinates":[[[4.14902617581418,52.595586789397096,0.0],[4.148981101057843,52.59653791376331,0.0],[4.149685199062752,52.596185086046674,0.0],[4.14902617581418,52.595586789397096,0.0]]]}},{"id":"17","type":"Feature","properties":{},"geometry":{"type":"Polygon","coordinates":[[[4.153019444035464,52.59277968404067,0.0],[4.151468195163451,52.592794732972614,0.0],[4.153667893758853,52.59323521851599,0.0],[4.153019444035464,52.59277968404067,0.0]]]}},{"id":"18","type":"Feature","properties":{},"geometry":{"type":"Polygon","coordinates":[[[4.157447837582011,52.58547821002066,0.0],[4.158864821701797,52.584441577629384,0.0],[4.1570727391343025,52.58508451989626,0.0],[4.157447837582011,52.58547821002066,0.0]]]}},{"id":"19","type":"Feature","properties":{},"geometry":{"type":"Polygon","coordinates":[[[4.158210629705763,52.61535335560463,0.0],[4.155740975768269,52.61566045448822,0.0],[4.155514077329637,52.61600528147275,0.0],[4.1568614951164795,52.61712278061536,0.0],[4.158210629705763,52.61535335560463,0.0]]]}},{"id":"20","type":"Feature","properties":{},"geometry":{"type":"Polygon","coordinates":[[[4.1574551850126245,52.61885994897382,0.0],[4.162086026520634,52.620548882475084,0.0],[4.167432944427938,52.61922518549792,0.0],[4.173791964703071,52.62038966678738,0.0],[4.171523522461624,52.61760559349426,0.0],[4.163131936859415,52.619639516677466,0.0],[4.1574551850126245,52.61885994897382,0.0]]]}},{"id":"21","type":"Feature","properties":{},"geometry":{"type":"Polygon","coordinates":[[[4.164530770941687,52.61529925713205,0.0],[4.167836747827204,52.61692789276938,0.0],[4.169541342667433,52.61651361728263,0.0],[4.166075515405721,52.61394366411992,0.0],[4.164530770941687,52.61529925713205,0.0]]]}},{"id":"22","type":"Feature","properties":{},"geometry":{"type":"Polygon","coordinates":[[[4.167935939816348,52.61356449801228,0.0],[4.168372303042918,52.61309412482318,0.0],[4.1677858592684744,52.613198584205655,0.0],[4.167935939816348,52.61356449801228,0.0]]]}},{"id":"23","type":"Feature","properties":{},"geometry":{"type":"Polygon","coordinates":[[[4.161844005856136,52.62423616620736,0.0],[4.161765344561384,52.62581393279077,0.0],[4.163795161508266,52.625598757423376,0.0],[4.163669981833559,52.62524949747614,0.0],[4.161844005856136,52.62423616620736,0.0]]]}},{"id":"24","type":"Feature","properties":{},"geometry":{"type":"Polygon","coordinates":[[[4.164900683474383,52.62936255851318,0.0],[4.166575221659508,52.628777241276126,0.0],[4.164433810673179,52.62882845572967,0.0],[4.164900683474383,52.62936255851318,0.0]]]}},{"id":"25","type":"Feature","properties":{},"geometry":{"type":"Polygon","coordinates":[[[4.167441226368151,52.63556206583681,0.0],[4.167770412092674,52.63589586826089,0.0],[4.167863126397605,52.63561652293909,0.0],[4.167441226368151,52.63556206583681,0.0]]]}},{"id":"26","type":"Feature","properties":{},"geometry":{"type":"Polygon","coordinates":[[[4.160559080658971,52.6387878423113,0.0],[4.159358514006857,52.638805950800084,0.0],[4.160745768992291,52.63991923183818,0.0],[4.160559080658971,52.6387878423113,0.0]]]}},{"id":"27","type":"Feature","properties":{},"geometry":{"type":"Polygon","coordinates":[[[4.165138813525194,52.59990014931047,0.0],[4.16553002776653,52.599611091703295,0.0],[4.16508499018863,52.599598368767715,0.0],[4.165138813525194,52.59990014931047,0.0]]]}},{"id":"28","type":"Feature","properties":{},"geometry":{"type":"Polygon","coordinates":[[[4.172178088981319,52.60271543347829,0.0],[4.1727996383563974,52.602798559912934,0.0],[4.172395161428661,52.602369141883216,0.0],[4.172178088981319,52.60271543347829,0.0]]]}},{"id":"29","type":"Feature","properties":{},"geometry":{"type":"Polygon","coordinates":[[[4.172979152760589,52.598407234338225,0.0],[4.173381996297023,52.59886251179565,0.0],[4.173521218566363,52.598649809849434,0.0],[4.172979152760589,52.598407234338225,0.0]]]}},{"id":"30","type":"Feature","properties":{},"geometry":{"type":"Polygon","coordinates":[[[4.175057468253307,52.600351058589645,0.0],[4.17556082409591,52.600145959337205,0.0],[4.175034690617435,52.600144752239544,0.0],[4.175057468253307,52.600351058589645,0.0]]]}},{"id":"31","type":"Feature","properties":{},"geometry":{"type":"Polygon","coordinates":[[[4.179683090412485,52.6013277232947,0.0],[4.1789350787460045,52.601571446375466,0.0],[4.179779131248995,52.60169265807143,0.0],[4.179683090412485,52.6013277232947,0.0]]]}},{"id":"32","type":"Feature","properties":{},"geometry":{"type":"Polygon","coordinates":[[[4.184712053773789,52.60238166615263,0.0],[4.185294492217237,52.60217983410579,0.0],[4.18479900489887,52.602070454639104,0.0],[4.184712053773789,52.60238166615263,0.0]]]}},{"id":"33","type":"Feature","properties":{},"geometry":{"type":"Polygon","coordinates":[[[4.172828448625496,52.59432598801605,0.0],[4.173395512316553,52.59423226355986,0.0],[4.172963838370749,52.59403798464065,0.0],[4.172828448625496,52.59432598801605,0.0]]]}},{"id":"34","type":"Feature","properties":{},"geometry":{"type":"Polygon","coordinates":[[[4.178384411571577,52.591146700083804,0.0],[4.1789155376345475,52.59052742852614,0.0],[4.1780483284564465,52.59058610976709,0.0],[4.178384411571577,52.591146700083804,0.0]]]}},{"id":"35","type":"Feature","properties":{},"geometry":{"type":"Polygon","coordinates":[[[4.16467987108663,52.5822705171168,0.0],[4.165258156766826,52.58221234826794,0.0],[4.164659374963087,52.58209736828865,0.0],[4.16467987108663,52.5822705171168,0.0]]]}},{"id":"36","type":"Feature","properties":{},"geometry":{"type":"Polygon","coordinates":[[[4.168642815302434,52.57584025592209,0.0],[4.170407734506878,52.576507069399725,0.0],[4.172330053805958,52.576270741587045,0.0],[4.168642815302434,52.57584025592209,0.0]]]}},{"id":"37","type":"Feature","properties":{},"geometry":{"type":"Polygon","coordinates":[[[4.174039718556897,52.57924803730021,0.0],[4.178640753164008,52.58227890385312,0.0],[4.178896769636172,52.58385441382182,0.0],[4.175499275962029,52.5842795317543,0.0],[4.17915285178785,52.58639673540521,0.0],[4.179909202827129,52.58262877103572,0.0],[4.1752216346872375,52.576048079723954,0.0],[4.174039718556897,52.57924803730021,0.0]]]}},{"id":"38","type":"Feature","properties":{},"geometry":{"type":"Polygon","coordinates":[[[4.178428971769219,52.5768411667143,0.0],[4.179165737055072,52.57665465884151,0.0],[4.178485926690608,52.57645832168684,0.0],[4.178428971769219,52.5768411667143,0.0]]]}},{"id":"39","type":"Feature","properties":{},"geometry":{"type":"Polygon","coordinates":[[[4.16811696337695,52.5709061485028,0.0],[4.16907448022791,52.571732308690045,0.0],[4.1718692914531665,52.570628448620944,0.0],[4.170857506363119,52.570249475803564,0.0],[4.16811696337695,52.5709061485028,0.0]]]}},{"id":"40","type":"Feature","properties":{},"geometry":{"type":"Polygon","coordinates":[[[4.169860271803176,52.57366845240255,0.0],[4.170565112200356,52.573506455684544,0.0],[4.169989494018695,52.57331093600138,0.0],[4.169860271803176,52.57366845240255,0.0]]]}},{"id":"41","type":"Feature","properties":{},"geometry":{"type":"Polygon","coordinates":[[[4.172540045241734,52.57293182069076,0.0],[4.174684071131773,52.573268651174935,0.0],[4.179036142355005,52.57217187407515,0.0],[4.17598960957389,52.57213937526096,0.0],[4.172540045241734,52.57293182069076,0.0]]]}},{"id":"42","type":"Feature","properties":{},"geometry":{"type":"Polygon","coordinates":[[[4.1732401842022515,52.5714073942389,0.0],[4.174019419048123,52.57132846312841,0.0],[4.173340852679156,52.57099482614747,0.0],[4.1732401842022515,52.5714073942389,0.0]]]}},{"id":"43","type":"Feature","properties":{},"geometry":{"type":"Polygon","coordinates":[[[4.184408213738941,52.60684957833223,0.0],[4.185127392454388,52.60603660700559,0.0],[4.1839629307011075,52.60637126119198,0.0],[4.184408213738941,52.60684957833223,0.0]]]}},{"id":"44","type":"Feature","properties":{},"geometry":{"type":"Polygon","coordinates":[[[4.205878903161633,52.645505299225874,0.0],[4.207584588532208,52.6422159337665,0.0],[4.209224119454741,52.64516339322343,0.0],[4.210270428328883,52.64314179621811,0.0],[4.208022764702736,52.64175498689865,0.0],[4.208524753965603,52.64004250456558,0.0],[4.211734373327804,52.63451037920697,0.0],[4.215323138873244,52.632114147049826,0.0],[4.213570217592611,52.62962405926714,0.0],[4.209492185079417,52.62814635616814,0.0],[4.213295254056385,52.62799579848031,0.0],[4.210183782534663,52.626687835110374,0.0],[4.213388361557901,52.623726871673114,0.0],[4.216852377048244,52.624972086626286,0.0],[4.220014287520803,52.62854038960797,0.0],[4.226732016021435,52.628897425401284,0.0],[4.22609007719905,52.62630937578051,0.0],[4.227447834857797,52.6256455984822,0.0],[4.234598898768387,52.626137648071115,0.0],[4.2376682179764495,52.62784671742168,0.0],[4.23833402417439,52.62613726588302,0.0],[4.236392406853101,52.624737477388926,0.0],[4.238773090467403,52.622687535666465,0.0],[4.253150398930515,52.62082655817349,0.0],[4.2537956368756955,52.618844567010264,0.0],[4.259408749417474,52.62161670420218,0.0],[4.256212504897266,52.62228236012201,0.0],[4.256663905844426,52.62324752462419,0.0],[4.26019830896483,52.62334767153301,0.0],[4.26588342018889,52.62034499605005,0.0],[4.2716331763084625,52.61391099587652,0.0],[4.268449328941131,52.61120798018668,0.0],[4.269547163780726,52.60974451289582,0.0],[4.2673898713718525,52.6060037049038,0.0],[4.270190181804914,52.60802311958845,0.0],[4.275518218944457,52.605563966215655,0.0],[4.279030796158499,52.60725877489205,0.0],[4.279426640988751,52.61016746085462,0.0],[4.281845975390803,52.61108531850087,0.0],[4.2826082150165155,52.6080304621033,0.0],[4.285218966425957,52.606641095374144,0.0],[4.288808493663214,52.61041115115501,0.0],[4.293495866653334,52.60847126558289,0.0],[4.290176190237849,52.60417661578029,0.0],[4.28347074965067,52.60353842624048,0.0],[4.28208874259979,52.605978774060716,0.0],[4.279666990298711,52.60298677504939,0.0],[4.2829051468358585,52.60284248719819,0.0],[4.283365739023035,52.601439331523125,0.0],[4.279196405939257,52.60145270190819,0.0],[4.2634480623119915,52.605735486712256,0.0],[4.265547414227554,52.60965228293551,0.0],[4.2626435887729475,52.611125738949,0.0],[4.256422315968792,52.6097432597782,0.0],[4.256056188133917,52.607498275894166,0.0],[4.25514665640713,52.61015907865374,0.0],[4.254026940303979,52.60726289935428,0.0],[4.2477392003414325,52.60980215716723,0.0],[4.245003917446449,52.61368561535942,0.0],[4.245975006204844,52.61723719871346,0.0],[4.2411872990121005,52.61948744773111,0.0],[4.2433597254425015,52.62010121473019,0.0],[4.240916755088189,52.621243581042975,0.0],[4.238847354247378,52.61967075756154,0.0],[4.2332245353271505,52.62070373600446,0.0],[4.240730833840153,52.61587230278949,0.0],[4.239592485475791,52.61365455388825,0.0],[4.228079772896629,52.61854068447145,0.0],[4.222467367757236,52.611025899269556,0.0],[4.217389931497057,52.612701189447165,0.0],[4.212347203614174,52.61200307365625,0.0],[4.211243329498011,52.617503601769094,0.0],[4.2074878780938665,52.616899305351545,0.0],[4.209417801453841,52.61952639529281,0.0],[4.2070586537272945,52.61917922487943,0.0],[4.205899574169384,52.61605417064223,0.0],[4.20377001197172,52.61833906251375,0.0],[4.1987714244381715,52.6156597070471,0.0],[4.200638783667554,52.61515719322378,0.0],[4.197508257167572,52.61454238412908,0.0],[4.187860337075568,52.61990745157137,0.0],[4.189675094779105,52.617559111092135,0.0],[4.185459435245739,52.616936201121234,0.0],[4.186306405949979,52.618155946995905,0.0],[4.185019089083665,52.619862886173316,0.0],[4.177133211274215,52.62205624545532,0.0],[4.181446442166193,52.62286884112957,0.0],[4.180126622913,52.623670606061296,0.0],[4.181589055553169,52.62438588174096,0.0],[4.183046186535374,52.622539758618075,0.0],[4.190404206911262,52.62077453566943,0.0],[4.195599840432593,52.62188857516631,0.0],[4.2120236684383485,52.61972475194945,0.0],[4.215396518411838,52.62086471921968,0.0],[4.214779521970926,52.62309435013787,0.0],[4.205313581631441,52.622187582464875,0.0],[4.200721016049463,52.62591065592192,0.0],[4.210219587149377,52.63203187569511,0.0],[4.207609312795667,52.633806402672896,0.0],[4.208859956732684,52.63466815161195,0.0],[4.207928311598063,52.63968018577817,0.0],[4.204912883936615,52.643358732472954,0.0],[4.198660452114718,52.64224703938107,0.0],[4.203215272253683,52.64597463215143,0.0],[4.205878903161633,52.645505299225874,0.0]],[[4.206731614378661,52.62747917080472,0.0],[4.206948379801591,52.62583579124266,0.0],[4.208229364475073,52.62614612499694,0.0],[4.206731614378661,52.62747917080472,0.0]],[[4.204559747510992,52.62563269902514,0.0],[4.203533733634514,52.62598792369578,0.0],[4.204235806553325,52.62532291555589,0.0],[4.204559747510992,52.62563269902514,0.0]],[[4.221397647206749,52.617500469140836,0.0],[4.218794345407389,52.61541749356313,0.0],[4.222866590880308,52.61579243764029,0.0],[4.224796558263074,52.61765535722818,0.0],[4.221397647206749,52.617500469140836,0.0]],[[4.214387311256471,52.61536077686654,0.0],[4.214663901505899,52.61433292509594,0.0],[4.2160706994575,52.614118288044615,0.0],[4.215892422397689,52.61479825815321,0.0],[4.214387311256471,52.61536077686654,0.0]],[[4.218173154071474,52.61683986610895,0.0],[4.215958020883693,52.61686047722661,0.0],[4.216569571789357,52.615463604930774,0.0],[4.218173154071474,52.61683986610895,0.0]],[[4.24993744345514,52.615752044223925,0.0],[4.252781127233426,52.615600179078804,0.0],[4.253770172282485,52.61381745145044,0.0],[4.2550382025321225,52.61448218315661,0.0],[4.252552121203582,52.61715008791367,0.0],[4.24993744345514,52.615752044223925,0.0]],[[4.265181293807086,52.61533240624866,0.0],[4.265003453478475,52.611438207831974,0.0],[4.266119820771894,52.610927946124534,0.0],[4.26750012815309,52.61281508836595,0.0],[4.266499728071737,52.614488945990104,0.0],[4.265181293807086,52.61533240624866,0.0]],[[4.25329132874442,52.610494326965764,0.0],[4.252260456884722,52.61417401680983,0.0],[4.249520561999176,52.61224942837574,0.0],[4.247476387426065,52.61300170609515,0.0],[4.250328145827322,52.61033627278206,0.0],[4.25329132874442,52.610494326965764,0.0]],[[4.25631988034176,52.612054485372745,0.0],[4.257525121903945,52.6116550382555,0.0],[4.257716968320668,52.61187825059856,0.0],[4.25631988034176,52.612054485372745,0.0]],[[4.281498796072011,52.6081920766003,0.0],[4.280741387522408,52.60749770108863,0.0],[4.281732347890731,52.607399759693465,0.0],[4.281498796072011,52.6081920766003,0.0]]]}},{"id":"45","type":"Feature","properties":{},"geometry":{"type":"Polygon","coordinates":[[[4.184759828110467,52.63130600297144,0.0],[4.185606670135908,52.630655375804295,0.0],[4.184541163945168,52.63080327064423,0.0],[4.184759828110467,52.63130600297144,0.0]]]}},{"id":"46","type":"Feature","properties":{},"geometry":{"type":"Polygon","coordinates":[[[4.189421365457511,52.63274185200191,0.0],[4.187627810130927,52.63256043601003,0.0],[4.190141260107779,52.63326169024556,0.0],[4.189421365457511,52.63274185200191,0.0]]]}},{"id":"47","type":"Feature","properties":{},"geometry":{"type":"Polygon","coordinates":[[[4.180576785414157,52.619192942245895,0.0],[4.182010898867497,52.61983064245436,0.0],[4.182504232296285,52.61960174442741,0.0],[4.180576785414157,52.619192942245895,0.0]]]}},{"id":"48","type":"Feature","properties":{},"geometry":{"type":"Polygon","coordinates":[[[4.192731137889795,52.62426357355402,0.0],[4.193949034796823,52.62395551336322,0.0],[4.192479071073136,52.6240582271725,0.0],[4.192731137889795,52.62426357355402,0.0]]]}},{"id":"49","type":"Feature","properties":{},"geometry":{"type":"Polygon","coordinates":[[[4.194500145875914,52.62594705459425,0.0],[4.195146866545515,52.625473493469485,0.0],[4.1944522089480545,52.62542251626248,0.0],[4.194500145875914,52.62594705459425,0.0]]]}},{"id":"50","type":"Feature","properties":{},"geometry":{"type":"Polygon","coordinates":[[[4.230667776561574,52.612521426513226,0.0],[4.226798372239167,52.613608531481255,0.0],[4.227792500701977,52.61470077638346,0.0],[4.232600598773932,52.6153553578538,0.0],[4.230667776561574,52.612521426513226,0.0]]]}},{"id":"51","type":"Feature","properties":{},"geometry":{"type":"Polygon","coordinates":[[[4.206175357872153,52.632439628257586,0.0],[4.206935802753391,52.63206827120474,0.0],[4.206042894846035,52.631671218927714,0.0],[4.206175357872153,52.632439628257586,0.0]]]}},{"id":"52","type":"Feature","properties":{},"geometry":{"type":"Polygon","coordinates":[[[4.194767852254626,52.607513651899666,0.0],[4.1953402505492425,52.607453395674234,0.0],[4.1949314820151065,52.6071027742858,0.0],[4.194767852254626,52.607513651899666,0.0]]]}},{"id":"53","type":"Feature","properties":{},"geometry":{"type":"Polygon","coordinates":[[[4.188671413230695,52.61093634392359,0.0],[4.189347038181201,52.610975417957526,0.0],[4.189022729902756,52.61059731455337,0.0],[4.188671413230695,52.61093634392359,0.0]]]}},{"id":"54","type":"Feature","properties":{},"geometry":{"type":"Polygon","coordinates":[[[4.202257187933803,52.607960539368094,0.0],[4.19915781780923,52.6098479313673,0.0],[4.201906362771653,52.61175558969137,0.0],[4.2040761741987875,52.610977877459526,0.0],[4.202257187933803,52.607960539368094,0.0]]]}},{"id":"55","type":"Feature","properties":{},"geometry":{"type":"Polygon","coordinates":[[[4.204269872073629,52.612352375495554,0.0],[4.205005699496948,52.61206178521511,0.0],[4.204417534913745,52.6119222707211,0.0],[4.204269872073629,52.612352375495554,0.0]]]}},{"id":"56","type":"Feature","properties":{},"geometry":{"type":"Polygon","coordinates":[[[4.19751478835815,52.60721669530797,0.0],[4.1983261445418805,52.60661016049522,0.0],[4.1972073550179285,52.60653846842796,0.0],[4.19751478835815,52.60721669530797,0.0]]]}},{"id":"57","type":"Feature","properties":{},"geometry":{"type":"Polygon","coordinates":[[[4.194242498902103,52.60506354885037,0.0],[4.195096300556618,52.60494905245492,0.0],[4.194525755156094,52.604708581367404,0.0],[4.194242498902103,52.60506354885037,0.0]]]}},{"id":"58","type":"Feature","properties":{},"geometry":{"type":"Polygon","coordinates":[[[4.210744157975255,52.61204003730396,0.0],[4.209278009482176,52.61501005641639,0.0],[4.211072038646312,52.611865987189645,0.0],[4.210744157975255,52.61204003730396,0.0]]]}},{"id":"59","type":"Feature","properties":{},"geometry":{"type":"Polygon","coordinates":[[[4.2085063257380275,52.61190743172452,0.0],[4.209477390341001,52.611714495006076,0.0],[4.208619701645302,52.61147653761306,0.0],[4.2085063257380275,52.61190743172452,0.0]]]}},{"id":"60","type":"Feature","properties":{},"geometry":{"type":"Polygon","coordinates":[[[4.226857715169565,52.63406411476437,0.0],[4.22731797338331,52.633999825779235,0.0],[4.226871610939579,52.63372884439164,0.0],[4.226857715169565,52.63406411476437,0.0]]]}},{"id":"61","type":"Feature","properties":{},"geometry":{"type":"Polygon","coordinates":[[[4.227974120948578,52.63090871206321,0.0],[4.228551598302837,52.63086985725581,0.0],[4.22799841832339,52.63067623199877,0.0],[4.227974120948578,52.63090871206321,0.0]]]}},{"id":"62","type":"Feature","properties":{},"geometry":{"type":"Polygon","coordinates":[[[4.229460138196311,52.63353628365731,0.0],[4.230208462656083,52.63323926387893,0.0],[4.229363470947789,52.63318691317673,0.0],[4.229460138196311,52.63353628365731,0.0]]]}},{"id":"63","type":"Feature","properties":{},"geometry":{"type":"Polygon","coordinates":[[[4.233855647240229,52.62772219052876,0.0],[4.234631555252624,52.62747482232411,0.0],[4.2338834689403075,52.6272242228518,0.0],[4.233855647240229,52.62772219052876,0.0]]]}},{"id":"64","type":"Feature","properties":{},"geometry":{"type":"Polygon","coordinates":[[[4.23908039458841,52.62419808212017,0.0],[4.241964177680084,52.62504250674288,0.0],[4.242379024865304,52.624471959331444,0.0],[4.23908039458841,52.62419808212017,0.0]]]}},{"id":"65","type":"Feature","properties":{},"geometry":{"type":"Polygon","coordinates":[[[4.243675980632821,52.62314936072718,0.0],[4.243877541520653,52.62327158205375,0.0],[4.243920514648448,52.62319452224646,0.0],[4.243675980632821,52.62314936072718,0.0]]]}},{"id":"66","type":"Feature","properties":{},"geometry":{"type":"Polygon","coordinates":[[[4.2446337426727725,52.62451331614955,0.0],[4.244839604452386,52.624583527031255,0.0],[4.244850706745706,52.624512813797686,0.0],[4.2446337426727725,52.62451331614955,0.0]]]}},{"id":"67","type":"Feature","properties":{},"geometry":{"type":"Polygon","coordinates":[[[4.231843893144032,52.61051155992567,0.0],[4.232716359143789,52.61042877915501,0.0],[4.231916839449798,52.610193519612096,0.0],[4.231843893144032,52.61051155992567,0.0]]]}},{"id":"68","type":"Feature","properties":{},"geometry":{"type":"Polygon","coordinates":[[[4.242234627360782,52.61154143185029,0.0],[4.241870399604545,52.61181397592317,0.0],[4.242344095710674,52.61168568829355,0.0],[4.242234627360782,52.61154143185029,0.0]]]}},{"id":"69","type":"Feature","properties":{},"geometry":{"type":"Polygon","coordinates":[[[4.243947720959377,52.61109999219524,0.0],[4.244285757030436,52.611975954660274,0.0],[4.245322424511966,52.61088940368705,0.0],[4.243947720959377,52.61109999219524,0.0]]]}},{"id":"70","type":"Feature","properties":{},"geometry":{"type":"Polygon","coordinates":[[[4.242789035071445,52.615470615434646,0.0],[4.24357734370025,52.61526296151376,0.0],[4.242811027924776,52.61504337573793,0.0],[4.242789035071445,52.615470615434646,0.0]]]}},{"id":"71","type":"Feature","properties":{},"geometry":{"type":"Polygon","coordinates":[[[4.2482695621526805,52.62425421372836,0.0],[4.2497266809689895,52.62463448644229,0.0],[4.250307738227683,52.62424615985041,0.0],[4.2482695621526805,52.62425421372836,0.0]]]}},{"id":"72","type":"Feature","properties":{},"geometry":{"type":"Polygon","coordinates":[[[4.268205994025007,52.628429052831436,0.0],[4.272289323605687,52.62874400990069,0.0],[4.273496851551416,52.624603363751135,0.0],[4.277728798360666,52.6235063405898,0.0],[4.2756702109081175,52.62236306733031,0.0],[4.271723790567016,52.62403807953263,0.0],[4.2719355959251,52.62669838256693,0.0],[4.268205994025007,52.628429052831436,0.0]]]}},{"id":"73","type":"Feature","properties":{},"geometry":{"type":"Polygon","coordinates":[[[4.269125700126668,52.62112799198443,0.0],[4.269691989029979,52.6209559266671,0.0],[4.269143925444944,52.620832866840765,0.0],[4.269125700126668,52.62112799198443,0.0]]]}},{"id":"74","type":"Feature","properties":{},"geometry":{"type":"Polygon","coordinates":[[[4.270061353990842,52.61748934219388,0.0],[4.270745711159052,52.61727941828284,0.0],[4.270206603835801,52.61705812969765,0.0],[4.270061353990842,52.61748934219388,0.0]]]}},{"id":"75","type":"Feature","properties":{},"geometry":{"type":"Polygon","coordinates":[[[4.271505575196337,52.610339865920274,0.0],[4.274461363236513,52.61149188318638,0.0],[4.273324268828791,52.61299530223618,0.0],[4.275376032340852,52.613233903806275,0.0],[4.277657220312386,52.61133614245356,0.0],[4.273167153666921,52.60914650517048,0.0],[4.271505575196337,52.610339865920274,0.0]]]}},{"id":"76","type":"Feature","properties":{},"geometry":{"type":"Polygon","coordinates":[[[4.275202399287815,52.60856063742938,0.0],[4.27574258358379,52.60912101201477,0.0],[4.275873498831924,52.60887826871773,0.0],[4.275202399287815,52.60856063742938,0.0]]]}},{"id":"77","type":"Feature","properties":{},"geometry":{"type":"Polygon","coordinates":[[[4.253366366361476,52.6048335486437,0.0],[4.251777588724432,52.60621275235443,0.0],[4.2544020407506835,52.60512994829607,0.0],[4.253366366361476,52.6048335486437,0.0]]]}},{"id":"78","type":"Feature","properties":{},"geometry":{"type":"Polygon","coordinates":[[[4.25929538649075,52.60632085957887,0.0],[4.259549596598114,52.60599296108725,0.0],[4.259143738504856,52.60597028045764,0.0],[4.25929538649075,52.60632085957887,0.0]]]}},{"id":"79","type":"Feature","properties":{},"geometry":{"type":"Polygon","coordinates":[[[4.277428748538072,52.61785006788826,0.0],[4.279392130431972,52.61959088315009,0.0],[4.280254904839071,52.61955372828254,0.0],[4.277428748538072,52.61785006788826,0.0]]]}},{"id":"80","type":"Feature","properties":{},"geometry":{"type":"Polygon","coordinates":[[[4.283464101719164,52.62036939442216,0.0],[4.283219753083585,52.62129047275544,0.0],[4.284521613093449,52.62070675330029,0.0],[4.283464101719164,52.62036939442216,0.0]]]}},{"id":"81","type":"Feature","properties":{},"geometry":{"type":"Polygon","coordinates":[[[4.263049899218843,52.60459843121344,0.0],[4.263516907718983,52.60417994598011,0.0],[4.263102568391159,52.60415294338264,0.0],[4.263049899218843,52.60459843121344,0.0]]]}},{"id":"82","type":"Feature","properties":{},"geometry":{"type":"Polygon","coordinates":[[[4.2599594138848085,52.599164575217344,0.0],[4.2595467236496125,52.600409691389416,0.0],[4.261205897973216,52.60129661434018,0.0],[4.261222639659317,52.600384804588415,0.0],[4.2599594138848085,52.599164575217344,0.0]]]}},{"id":"83","type":"Feature","properties":{},"geometry":{"type":"Polygon","coordinates":[[[4.262719008190181,52.59375886542776,0.0],[4.2623725176136285,52.599215641843486,0.0],[4.263152333052078,52.59515721866767,0.0],[4.2649774698071665,52.595233312227435,0.0],[4.262719008190181,52.59375886542776,0.0]]]}},{"id":"84","type":"Feature","properties":{},"geometry":{"type":"Polygon","coordinates":[[[4.258694990311918,52.59666220044845,0.0],[4.259242599694322,52.596481418994166,0.0],[4.258685201057946,52.596497714258554,0.0],[4.258694990311918,52.59666220044845,0.0]]]}},{"id":"85","type":"Feature","properties":{},"geometry":{"type":"Polygon","coordinates":[[[4.268177176620614,52.59992364441182,0.0],[4.268530164725965,52.600520038890224,0.0],[4.268899981144697,52.60018531335503,0.0],[4.268177176620614,52.59992364441182,0.0]]]}},{"id":"86","type":"Feature","properties":{},"geometry":{"type":"Polygon","coordinates":[[[4.2681625028428725,52.5983501648979,0.0],[4.268594065744131,52.59853983643347,0.0],[4.268499437162811,52.59827355086517,0.0],[4.2681625028428725,52.5983501648979,0.0]]]}},{"id":"87","type":"Feature","properties":{},"geometry":{"type":"Polygon","coordinates":[[[4.285088416351227,52.60176726468808,0.0],[4.285756594555851,52.60131286002917,0.0],[4.2849174497805524,52.60114436178792,0.0],[4.285088416351227,52.60176726468808,0.0]]]}},{"id":"88","type":"Feature","properties":{},"geometry":{"type":"Polygon","coordinates":[[[4.27602328035123,52.59798137870548,0.0],[4.276777296345074,52.59844811539862,0.0],[4.276870961879567,52.59802245222576,0.0],[4.27602328035123,52.59798137870548,0.0]]]}},{"id":"89","type":"Feature","properties":{},"geometry":{"type":"Polygon","coordinates":[[[4.275281614128915,52.596997721282285,0.0],[4.277945626743636,52.597188225355474,0.0],[4.279354874141895,52.59662191848007,0.0],[4.277962335300182,52.5962500383249,0.0],[4.275281614128915,52.596997721282285,0.0]]]}},{"id":"90","type":"Feature","properties":{},"geometry":{"type":"Polygon","coordinates":[[[4.2810630397121,52.596878314714615,0.0],[4.281979447331056,52.59759089165495,0.0],[4.283100767489738,52.59758282001121,0.0],[4.2823949263632635,52.596819107646034,0.0],[4.2810630397121,52.596878314714615,0.0]]]}},{"id":"91","type":"Feature","properties":{},"geometry":{"type":"Polygon","coordinates":[[[4.275381626818294,52.594487695267176,0.0],[4.277014043351462,52.59479241333841,0.0],[4.281024609657543,52.59427248776845,0.0],[4.278731107710802,52.593667577990296,0.0],[4.275381626818294,52.594487695267176,0.0]]]}},{"id":"92","type":"Feature","properties":{},"geometry":{"type":"Polygon","coordinates":[[[4.27133614261376,52.5913666707214,0.0],[4.271949074391773,52.591430500841405,0.0],[4.271802640597327,52.591198373793965,0.0],[4.27133614261376,52.5913666707214,0.0]]]}},{"id":"93","type":"Feature","properties":{},"geometry":{"type":"Polygon","coordinates":[[[4.294525720925138,52.60775533938786,0.0],[4.295122096648329,52.6083353421435,0.0],[4.295271072508794,52.60813664744414,0.0],[4.294525720925138,52.60775533938786,0.0]]]}},{"id":"94","type":"Feature","properties":{},"geometry":{"type":"Polygon","coordinates":[[[4.285777747535088,52.61501556482959,0.0],[4.287134871551694,52.61531836551496,0.0],[4.287117532279056,52.614922695535896,0.0],[4.285777747535088,52.61501556482959,0.0]]]}},{"id":"95","type":"Feature","properties":{},"geometry":{"type":"Polygon","coordinates":[[[4.285617824926904,52.61261096625807,0.0],[4.286709505209863,52.612358898110955,0.0],[4.285727445780716,52.61182360473315,0.0],[4.285617824926904,52.61261096625807,0.0]]]}},{"id":"96","type":"Feature","properties":{},"geometry":{"type":"Polygon","coordinates":[[[4.2902476634532665,52.61378755997036,0.0],[4.290922856436748,52.61434406849154,0.0],[4.291153014116196,52.61396082164341,0.0],[4.2902476634532665,52.61378755997036,0.0]]]}},{"id":"97","type":"Feature","properties":{},"geometry":{"type":"Polygon","coordinates":[[[4.289148867774761,52.61225437529912,0.0],[4.289840871974346,52.61219111769913,0.0],[4.289230767808888,52.61199678736956,0.0],[4.289148867774761,52.61225437529912,0.0]]]}},{"id":"98","type":"Feature","properties":{},"geometry":{"type":"Polygon","coordinates":[[[4.293417750634307,52.611995036176964,0.0],[4.294589606520595,52.61193819762302,0.0],[4.293653217396039,52.611422802654026,0.0],[4.293417750634307,52.611995036176964,0.0]]]}},{"id":"99","type":"Feature","properties":{},"geometry":{"type":"Polygon","coordinates":[[[4.298289285117137,52.61448357693263,0.0],[4.299048513028788,52.613984441068006,0.0],[4.298142549685012,52.61400832168187,0.0],[4.298289285117137,52.61448357693263,0.0]]]}},{"id":"100","type":"Feature","properties":{},"geometry":{"type":"Polygon","coordinates":[[[4.283802140744304,52.58837465474855,0.0],[4.285974248080508,52.590759785935724,0.0],[4.2834855146904065,52.587600308782974,0.0],[4.283802140744304,52.58837465474855,0.0]]]}},{"id":"101","type":"Feature","properties":{},"geometry":{"type":"Polygon","coordinates":[[[4.289522211006941,52.59652611792982,0.0],[4.289910329355785,52.59594531328457,0.0],[4.2890808934532645,52.59569474260122,0.0],[4.289522211006941,52.59652611792982,0.0]]]}},{"id":"102","type":"Feature","properties":{},"geometry":{"type":"Polygon","coordinates":[[[4.2890491070216425,52.59494714904429,0.0],[4.287791632166702,52.59483934561918,0.0],[4.287797369374335,52.59528788473136,0.0],[4.2890491070216425,52.59494714904429,0.0]]]}},{"id":"103","type":"Feature","properties":{},"geometry":{"type":"Polygon","coordinates":[[[4.287221987094136,52.5930513267143,0.0],[4.28787965418486,52.59286087502034,0.0],[4.287230892899627,52.592775968781396,0.0],[4.287221987094136,52.5930513267143,0.0]]]}},{"id":"104","type":"Feature","properties":{},"geometry":{"type":"Polygon","coordinates":[[[4.288533465309239,52.59002591321807,0.0],[4.288668393471634,52.59031760395554,0.0],[4.288848946983083,52.59018503275102,0.0],[4.288533465309239,52.59002591321807,0.0]]]}},{"id":"105","type":"Feature","properties":{},"geometry":{"type":"Polygon","coordinates":[[[4.289092078557299,52.58889565621084,0.0],[4.290200048955769,52.59031620771873,0.0],[4.290645707910638,52.58988714821382,0.0],[4.289092078557299,52.58889565621084,0.0]]]}},{"id":"106","type":"Feature","properties":{},"geometry":{"type":"Polygon","coordinates":[[[4.294316652457073,52.59293895549529,0.0],[4.29455492847726,52.593887621922654,0.0],[4.295768900347665,52.59320409486216,0.0],[4.294316652457073,52.59293895549529,0.0]]]}},{"id":"107","type":"Feature","properties":{},"geometry":{"type":"Polygon","coordinates":[[[4.268764147406065,52.58271848818538,0.0],[4.270009490240628,52.58301706295159,0.0],[4.268905946508965,52.582189070637355,0.0],[4.268764147406065,52.58271848818538,0.0]]]}},{"id":"108","type":"Feature","properties":{},"geometry":{"type":"Polygon","coordinates":[[[4.271500000035265,52.58145648099354,0.0],[4.27181612239539,52.58284143488102,0.0],[4.273088111138464,52.58293870980469,0.0],[4.272641981411465,52.5817684218252,0.0],[4.271500000035265,52.58145648099354,0.0]]]}},{"id":"109","type":"Feature","properties":{},"geometry":{"type":"Polygon","coordinates":[[[4.293112179740397,52.590146948967025,0.0],[4.296267496958388,52.591861362351246,0.0],[4.296603199313708,52.591639510120494,0.0],[4.293112179740397,52.590146948967025,0.0]]]}},{"id":"110","type":"Feature","properties":{},"geometry":{"type":"Polygon","coordinates":[[[4.297252809412709,52.59420367647927,0.0],[4.298107757518539,52.59390523702527,0.0],[4.297202351017617,52.59385468978151,0.0],[4.297252809412709,52.59420367647927,0.0]]]}},{"id":"111","type":"Feature","properties":{},"geometry":{"type":"Polygon","coordinates":[[[4.300831512686829,52.59885125093603,0.0],[4.301171211117505,52.598884270265096,0.0],[4.3010708114458325,52.598735984703005,0.0],[4.300831512686829,52.59885125093603,0.0]]]}},{"id":"112","type":"Feature","properties":{},"geometry":{"type":"Polygon","coordinates":[[[4.30505973789671,52.59870031419917,0.0],[4.305548663299133,52.59847691193322,0.0],[4.305090376151446,52.59839719120166,0.0],[4.30505973789671,52.59870031419917,0.0]]]}},{"id":"113","type":"Feature","properties":{},"geometry":{"type":"Polygon","coordinates":[[[4.291494664935575,52.587737025549224,0.0],[4.295422689192071,52.58951434066061,0.0],[4.296599715179925,52.58890689869979,0.0],[4.2963422888302825,52.58808715186731,0.0],[4.291494664935575,52.587737025549224,0.0]]]}},{"id":"114","type":"Feature","properties":{},"geometry":{"type":"Polygon","coordinates":[[[4.304228612761373,52.591627672607125,0.0],[4.3138453732542725,52.59259446100502,0.0],[4.31296422817551,52.59112613178914,0.0],[4.306869503169788,52.59112815005814,0.0],[4.3045220755440505,52.58868971149349,0.0],[4.318237370745928,52.58662562930351,0.0],[4.311491404638415,52.583808022550286,0.0],[4.308361186571485,52.5868203696408,0.0],[4.303057350713236,52.586551967854014,0.0],[4.300623012366814,52.58404997070744,0.0],[4.2994351134918265,52.58557991851606,0.0],[4.295680985613892,52.58471510676552,0.0],[4.298852890209274,52.584272291638854,0.0],[4.299011298031126,52.582788176283906,0.0],[4.295075032377418,52.579580684781725,0.0],[4.296353194309618,52.578456778081375,0.0],[4.292347744677016,52.57776904915605,0.0],[4.2972435486650395,52.576710258645555,0.0],[4.290591441838431,52.57679426446683,0.0],[4.288911649405462,52.579941425194676,0.0],[4.2856668499240955,52.578365211544735,0.0],[4.285339050663536,52.57517222845266,0.0],[4.280597297757911,52.57369317685358,0.0],[4.284468172107499,52.57672543934039,0.0],[4.282967503994606,52.581272002744974,0.0],[4.279841454702236,52.58257095979147,0.0],[4.283542348922132,52.584028504033306,0.0],[4.284851168108303,52.58648028118321,0.0],[4.2926085301741415,52.586762660627635,0.0],[4.294556422956125,52.58488638195991,0.0],[4.298879767988644,52.58628703951716,0.0],[4.29837999060934,52.58792908344951,0.0],[4.303014273307535,52.588676796785855,0.0],[4.303092332125736,52.59017747475619,0.0],[4.3009744618750965,52.589041741574064,0.0],[4.299527508673828,52.590121954382745,0.0],[4.301229739852689,52.59108342819219,0.0],[4.301364645304928,52.59359606704126,0.0],[4.304228612761373,52.591627672607125,0.0]],[[4.305702405573494,52.58800333778606,0.0],[4.307100432618679,52.587094331816495,0.0],[4.307777968226891,52.5873000702421,0.0],[4.306649050422967,52.588327549350105,0.0],[4.305702405573494,52.58800333778606,0.0]],[[4.2880961418257355,52.58516407072581,0.0],[4.284818154306654,52.58320193714512,0.0],[4.2881076713311295,52.580429588501744,0.0],[4.294989112495686,52.58211108417055,0.0],[4.2939785029884066,52.583781437550854,0.0],[4.2880961418257355,52.58516407072581,0.0]]]}},{"id":"115","type":"Feature","properties":{},"geometry":{"type":"Polygon","coordinates":[[[4.299024722565691,52.58011207543639,0.0],[4.299334581101157,52.58193386022503,0.0],[4.304973539369682,52.58275307695128,0.0],[4.3057721085336995,52.585139114648534,0.0],[4.309992286326912,52.58167027474328,0.0],[4.309250926796301,52.58058661540492,0.0],[4.3051063978614135,52.581650947236824,0.0],[4.302055159505586,52.57947946399302,0.0],[4.299024722565691,52.58011207543639,0.0]]]}},{"id":"116","type":"Feature","properties":{},"geometry":{"type":"Polygon","coordinates":[[[4.310081304538639,52.58884492425834,0.0],[4.311882393503351,52.58990625680391,0.0],[4.316231941779073,52.5881237644694,0.0],[4.310081304538639,52.58884492425834,0.0]]]}},{"id":"117","type":"Feature","properties":{},"geometry":{"type":"Polygon","coordinates":[[[4.322489850080706,52.58628318529032,0.0],[4.318104957013007,52.58790662274416,0.0],[4.323350859167551,52.58660809969344,0.0],[4.322489850080706,52.58628318529032,0.0]]]}},{"id":"118","type":"Feature","properties":{},"geometry":{"type":"Polygon","coordinates":[[[4.304807233199858,52.592175569225944,0.0],[4.304902870379699,52.592660839125955,0.0],[4.306454865731775,52.592763743758134,0.0],[4.304807233199858,52.592175569225944,0.0]]]}},{"id":"119","type":"Feature","properties":{},"geometry":{"type":"Polygon","coordinates":[[[4.308870575451933,52.59397319931905,0.0],[4.306795535526118,52.595613629275164,0.0],[4.310853554456823,52.59436752917488,0.0],[4.308870575451933,52.59397319931905,0.0]]]}},{"id":"120","type":"Feature","properties":{},"geometry":{"type":"Polygon","coordinates":[[[4.314507414352968,52.59509069304018,0.0],[4.313479757742966,52.596905973171815,0.0],[4.3172969090137245,52.59691332701125,0.0],[4.314507414352968,52.59509069304018,0.0]]]}},{"id":"121","type":"Feature","properties":{},"geometry":{"type":"Polygon","coordinates":[[[4.315963881527494,52.59147544181289,0.0],[4.317738188703929,52.590598398356974,0.0],[4.31933007591054,52.592136747335616,0.0],[4.321969115954503,52.59194850418385,0.0],[4.326160212149029,52.59069766622443,0.0],[4.326874242423268,52.58913477829759,0.0],[4.320927193088655,52.59155298092605,0.0],[4.315176774101721,52.58974883247577,0.0],[4.315963881527494,52.59147544181289,0.0]]]}},{"id":"122","type":"Feature","properties":{},"geometry":{"type":"Polygon","coordinates":[[[4.313565495214451,52.593449267035396,0.0],[4.3134025893766195,52.5935782468805,0.0],[4.313613814263909,52.59358152860796,0.0],[4.313565495214451,52.593449267035396,0.0]]]}},{"id":"123","type":"Feature","properties":{},"geometry":{"type":"Polygon","coordinates":[[[4.315066934410359,52.59438449296028,0.0],[4.315357584268256,52.59451406795673,0.0],[4.31539197615458,52.594416006850985,0.0],[4.315066934410359,52.59438449296028,0.0]]]}},{"id":"124","type":"Feature","properties":{},"geometry":{"type":"Polygon","coordinates":[[[4.31705272173095,52.59473938810999,0.0],[4.317582862056379,52.59443063489807,0.0],[4.317035967686776,52.594339600268604,0.0],[4.31705272173095,52.59473938810999,0.0]]]}},{"id":"125","type":"Feature","properties":{},"geometry":{"type":"Polygon","coordinates":[[[4.3169512949438325,52.59286224022328,0.0],[4.316778067456292,52.59318342703893,0.0],[4.3177026094637645,52.59327905865149,0.0],[4.3169512949438325,52.59286224022328,0.0]]]}},{"id":"126","type":"Feature","properties":{},"geometry":{"type":"Polygon","coordinates":[[[4.319116408464318,52.595437488585745,0.0],[4.319382002869563,52.59564317004838,0.0],[4.319474550631302,52.59553538642103,0.0],[4.319116408464318,52.595437488585745,0.0]]]}},{"id":"127","type":"Feature","properties":{},"geometry":{"type":"Polygon","coordinates":[[[4.315895516862056,52.600099466417205,0.0],[4.316175138976229,52.60010811715508,0.0],[4.316072816517629,52.59998171277062,0.0],[4.315895516862056,52.600099466417205,0.0]]]}},{"id":"128","type":"Feature","properties":{},"geometry":{"type":"Polygon","coordinates":[[[4.319885229112917,52.59682273765662,0.0],[4.319714046660365,52.59712922583605,0.0],[4.3200572767263665,52.596960573672646,0.0],[4.319885229112917,52.59682273765662,0.0]]]}},{"id":"129","type":"Feature","properties":{},"geometry":{"type":"Polygon","coordinates":[[[4.328052680014218,52.60450533173573,0.0],[4.329162436816714,52.60469011607777,0.0],[4.3296157849309465,52.60429501322177,0.0],[4.328052680014218,52.60450533173573,0.0]]]}},{"id":"130","type":"Feature","properties":{},"geometry":{"type":"Polygon","coordinates":[[[4.287528915371967,52.57807400793724,0.0],[4.288790103290402,52.578098886016825,0.0],[4.287413618629297,52.57726933024921,0.0],[4.287528915371967,52.57807400793724,0.0]]]}},{"id":"131","type":"Feature","properties":{},"geometry":{"type":"Polygon","coordinates":[[[4.297477725657414,52.57818236937008,0.0],[4.297397766370997,52.57842840591619,0.0],[4.297634758836679,52.578376010471594,0.0],[4.297477725657414,52.57818236937008,0.0]]]}},{"id":"132","type":"Feature","properties":{},"geometry":{"type":"Polygon","coordinates":[[[4.343910170988354,52.60420147559424,0.0],[4.342425765997969,52.602445254674016,0.0],[4.340718472790547,52.60390755615105,0.0],[4.341791373720703,52.60432880038649,0.0],[4.343910170988354,52.60420147559424,0.0]]]}},{"id":"133","type":"Feature","properties":{},"geometry":{"type":"Polygon","coordinates":[[[4.332845833046128,52.60294766025009,0.0],[4.331942767058478,52.60319181379203,0.0],[4.3329142474342675,52.60330416878413,0.0],[4.332845833046128,52.60294766025009,0.0]]]}},{"id":"134","type":"Feature","properties":{},"geometry":{"type":"Polygon","coordinates":[[[4.33854141590917,52.60085471272408,0.0],[4.33903722312087,52.60108742476999,0.0],[4.339062161293644,52.60094056864311,0.0],[4.33854141590917,52.60085471272408,0.0]]]}},{"id":"135","type":"Feature","properties":{},"geometry":{"type":"Polygon","coordinates":[[[4.34076931287053,52.59955180759719,0.0],[4.341209531324815,52.599720219971914,0.0],[4.341121998979366,52.59948393180083,0.0],[4.34076931287053,52.59955180759719,0.0]]]}},{"id":"136","type":"Feature","properties":{},"geometry":{"type":"Polygon","coordinates":[[[4.321263242095352,52.59578388164313,0.0],[4.321348331284193,52.5967233069378,0.0],[4.321821515806852,52.5965570538591,0.0],[4.321263242095352,52.59578388164313,0.0]]]}},{"id":"137","type":"Feature","properties":{},"geometry":{"type":"Polygon","coordinates":[[[4.321176622158666,52.59407277323519,0.0],[4.324275460105753,52.59616063798045,0.0],[4.325717246855859,52.59585982233854,0.0],[4.321176622158666,52.59407277323519,0.0]]]}},{"id":"138","type":"Feature","properties":{},"geometry":{"type":"Polygon","coordinates":[[[4.328889622711274,52.59552418196023,0.0],[4.32347475269328,52.59937608095889,0.0],[4.324206481957511,52.60085640713789,0.0],[4.331376146941375,52.60118333946229,0.0],[4.334305947934746,52.6008208488957,0.0],[4.32450253336397,52.59950850265196,0.0],[4.328889622711274,52.59552418196023,0.0]]]}},{"id":"139","type":"Feature","properties":{},"geometry":{"type":"Polygon","coordinates":[[[4.331566211101224,52.59742269569287,0.0],[4.332064210681014,52.59733512722749,0.0],[4.33167749211504,52.59724667372263,0.0],[4.331566211101224,52.59742269569287,0.0]]]}},{"id":"140","type":"Feature","properties":{},"geometry":{"type":"Polygon","coordinates":[[[4.327209716264599,52.59090553546107,0.0],[4.327989896039648,52.59123974212073,0.0],[4.328006366956653,52.590871261230134,0.0],[4.327209716264599,52.59090553546107,0.0]]]}},{"id":"141","type":"Feature","properties":{},"geometry":{"type":"Polygon","coordinates":[[[4.328198084105848,52.5927593662508,0.0],[4.3291008688931285,52.592608989865276,0.0],[4.328358946567365,52.59232322836816,0.0],[4.328198084105848,52.5927593662508,0.0]]]}},{"id":"142","type":"Feature","properties":{},"geometry":{"type":"Polygon","coordinates":[[[4.330664204017587,52.59080273387394,0.0],[4.330962599971956,52.59128831648985,0.0],[4.331226028649279,52.591074799835766,0.0],[4.330664204017587,52.59080273387394,0.0]]]}},{"id":"143","type":"Feature","properties":{},"geometry":{"type":"Polygon","coordinates":[[[4.332248667468321,52.5933722235842,0.0],[4.332364386862311,52.59394877994859,0.0],[4.333124711656183,52.59357401908043,0.0],[4.332248667468321,52.5933722235842,0.0]]]}},{"id":"144","type":"Feature","properties":{},"geometry":{"type":"Polygon","coordinates":[[[4.333983058069376,52.59328676131466,0.0],[4.3330338000756665,52.59516935957731,0.0],[4.334661102515151,52.593064022843805,0.0],[4.333983058069376,52.59328676131466,0.0]]]}},{"id":"145","type":"Feature","properties":{},"geometry":{"type":"Polygon","coordinates":[[[4.332502487981122,52.592112769333355,0.0],[4.333094346576826,52.592052470561825,0.0],[4.332657365320087,52.59182387295318,0.0],[4.332502487981122,52.592112769333355,0.0]]]}},{"id":"146","type":"Feature","properties":{},"geometry":{"type":"Polygon","coordinates":[[[4.327617837167336,52.58731960790214,0.0],[4.332676029975815,52.58829899327398,0.0],[4.328766827292403,52.58720312337618,0.0],[4.329271247154236,52.58468392154983,0.0],[4.327617837167336,52.58731960790214,0.0]]]}},{"id":"147","type":"Feature","properties":{},"geometry":{"type":"Polygon","coordinates":[[[4.340294894046374,52.59166597871772,0.0],[4.340456601634768,52.591721934272435,0.0],[4.340450446960097,52.59163873661787,0.0],[4.340294894046374,52.59166597871772,0.0]]]}},{"id":"148","type":"Feature","properties":{},"geometry":{"type":"Polygon","coordinates":[[[4.270009378677946,52.63085239662722,0.0],[4.269596295783337,52.63121005937786,0.0],[4.270219073164975,52.63114478298026,0.0],[4.270009378677946,52.63085239662722,0.0]]]}},{"id":"149","type":"Feature","properties":{},"geometry":{"type":"Polygon","coordinates":[[[4.272651878457757,52.63267282772355,0.0],[4.271361633023976,52.63340601579441,0.0],[4.273501580239273,52.6332255814656,0.0],[4.272651878457757,52.63267282772355,0.0]]]}},{"id":"150","type":"Feature","properties":{},"geometry":{"type":"Polygon","coordinates":[[[4.300429871514499,52.64442510328159,0.0],[4.283253710941738,52.63927982744855,0.0],[4.289888089261358,52.64230107027435,0.0],[4.300429871514499,52.64442510328159,0.0]]]}},{"id":"151","type":"Feature","properties":{},"geometry":{"type":"Polygon","coordinates":[[[4.307622981128383,52.64691561848343,0.0],[4.308926102978733,52.64728805411562,0.0],[4.309006158898473,52.646946178380105,0.0],[4.307622981128383,52.64691561848343,0.0]]]}},{"id":"152","type":"Feature","properties":{},"geometry":{"type":"Polygon","coordinates":[[[4.280184415900303,52.64836161388307,0.0],[4.280861280750746,52.64878743952934,0.0],[4.280895763153314,52.64845390730566,0.0],[4.280184415900303,52.64836161388307,0.0]]]}},{"id":"153","type":"Feature","properties":{},"geometry":{"type":"Polygon","coordinates":[[[4.294787331388825,52.653035782686835,0.0],[4.294688338605962,52.65337849136466,0.0],[4.295105461337459,52.65327070783676,0.0],[4.294787331388825,52.653035782686835,0.0]]]}},{"id":"154","type":"Feature","properties":{},"geometry":{"type":"Polygon","coordinates":[[[4.29757600332341,52.65274091511697,0.0],[4.300126821675325,52.655078638315395,0.0],[4.300983771291518,52.65500934200537,0.0],[4.299914724298815,52.65275905975467,0.0],[4.29757600332341,52.65274091511697,0.0]]]}},{"id":"155","type":"Feature","properties":{},"geometry":{"type":"Polygon","coordinates":[[[4.300083917726135,52.65648684348441,0.0],[4.300294842180247,52.65791797895996,0.0],[4.301743202434065,52.65892245262441,0.0],[4.301482739377662,52.657217099633556,0.0],[4.300083917726135,52.65648684348441,0.0]]]}},{"id":"156","type":"Feature","properties":{},"geometry":{"type":"Polygon","coordinates":[[[4.307872997596939,52.67269687230202,0.0],[4.308508332678987,52.67305536277999,0.0],[4.3087011566759585,52.67282801865238,0.0],[4.307872997596939,52.67269687230202,0.0]]]}},{"id":"157","type":"Feature","properties":{},"geometry":{"type":"Polygon","coordinates":[[[4.3100057539017405,52.67204635093292,0.0],[4.310635170621845,52.67305359691105,0.0],[4.311588117436142,52.67277108948475,0.0],[4.311491637274142,52.671751265742024,0.0],[4.3100057539017405,52.67204635093292,0.0]]]}},{"id":"158","type":"Feature","properties":{},"geometry":{"type":"Polygon","coordinates":[[[4.313031851037567,52.6708933571627,0.0],[4.313356468723077,52.672234302866194,0.0],[4.31439065613968,52.672574559661925,0.0],[4.314344548071927,52.67111966571016,0.0],[4.313031851037567,52.6708933571627,0.0]]]}},{"id":"159","type":"Feature","properties":{},"geometry":{"type":"Polygon","coordinates":[[[4.315967316935853,52.67065313018166,0.0],[4.317321878414151,52.6708145828982,0.0],[4.3171399451176065,52.67025737341516,0.0],[4.315967316935853,52.67065313018166,0.0]]]}},{"id":"160","type":"Feature","properties":{},"geometry":{"type":"Polygon","coordinates":[[[4.333936387478216,52.65053564258493,0.0],[4.33511255115701,52.650762232410216,0.0],[4.334064015490949,52.649818901496474,0.0],[4.333936387478216,52.65053564258493,0.0]]]}},{"id":"161","type":"Feature","properties":{},"geometry":{"type":"Polygon","coordinates":[[[4.31599130889787,52.6257581582303,0.0],[4.319162880768845,52.627766004161245,0.0],[4.31914442101889,52.629460392522475,0.0],[4.31305856134321,52.63266053536792,0.0],[4.315434487600316,52.6329636906113,0.0],[4.318510911303624,52.63732299407301,0.0],[4.321736071069535,52.635801779570556,0.0],[4.324472564394439,52.637850761448874,0.0],[4.326125038258239,52.634654962358496,0.0],[4.322282899437143,52.63534435949914,0.0],[4.320737212888984,52.633565245046675,0.0],[4.323369033884298,52.63304404782023,0.0],[4.32026524729896,52.63230577782552,0.0],[4.323388659175063,52.63052109994953,0.0],[4.319930861918802,52.63013297144019,0.0],[4.319505010705064,52.62757388249185,0.0],[4.31599130889787,52.6257581582303,0.0]]]}},{"id":"162","type":"Feature","properties":{},"geometry":{"type":"Polygon","coordinates":[[[4.314519779125205,52.62754851760543,0.0],[4.314683015895795,52.62797120356425,0.0],[4.31495049028404,52.62774043326136,0.0],[4.314519779125205,52.62754851760543,0.0]]]}},{"id":"163","type":"Feature","properties":{},"geometry":{"type":"Polygon","coordinates":[[[4.327264399853329,52.633697586394575,0.0],[4.328179887763942,52.63336882255046,0.0],[4.327300938444626,52.63296179716772,0.0],[4.327264399853329,52.633697586394575,0.0]]]}},{"id":"164","type":"Feature","properties":{},"geometry":{"type":"Polygon","coordinates":[[[4.328793933937861,52.63606031627708,0.0],[4.330319797941572,52.63607545400163,0.0],[4.329064627323124,52.63546608268797,0.0],[4.328793933937861,52.63606031627708,0.0]]]}},{"id":"165","type":"Feature","properties":{},"geometry":{"type":"Polygon","coordinates":[[[4.334282838731081,52.63846362498982,0.0],[4.334797566558758,52.63839961707785,0.0],[4.334389474654942,52.637992539007804,0.0],[4.334282838731081,52.63846362498982,0.0]]]}},{"id":"166","type":"Feature","properties":{},"geometry":{"type":"Polygon","coordinates":[[[4.327181436186503,52.627136272028764,0.0],[4.323576043013712,52.62835859813019,0.0],[4.326212461611839,52.629480466326356,0.0],[4.3271536525158565,52.62809320615735,0.0],[4.329549478294049,52.628830158968796,0.0],[4.327181436186503,52.627136272028764,0.0]]]}},{"id":"167","type":"Feature","properties":{},"geometry":{"type":"Polygon","coordinates":[[[4.332655069950528,52.61308446909654,0.0],[4.33346139456529,52.61441691249138,0.0],[4.33577083529928,52.61468890910865,0.0],[4.332655069950528,52.61308446909654,0.0]]]}},{"id":"168","type":"Feature","properties":{},"geometry":{"type":"Polygon","coordinates":[[[4.336991455884968,52.62399081830131,0.0],[4.337763179115238,52.62363323342457,0.0],[4.337064123218276,52.62335211269578,0.0],[4.336991455884968,52.62399081830131,0.0]]]}},{"id":"169","type":"Feature","properties":{},"geometry":{"type":"Polygon","coordinates":[[[4.340981993323939,52.623325383102035,0.0],[4.341998106607059,52.62344354978515,0.0],[4.34112715012389,52.622982647980365,0.0],[4.340981993323939,52.623325383102035,0.0]]]}},{"id":"170","type":"Feature","properties":{},"geometry":{"type":"Polygon","coordinates":[[[4.328319777395158,52.585022278907445,0.0],[4.328502225917186,52.58479969849699,0.0],[4.32829848325063,52.58481073930051,0.0],[4.328319777395158,52.585022278907445,0.0]]]}},{"id":"171","type":"Feature","properties":{},"geometry":{"type":"Polygon","coordinates":[[[4.283089870387705,52.5728526440981,0.0],[4.284529751448641,52.57397943720902,0.0],[4.286026207537178,52.574232089374384,0.0],[4.285663977190205,52.57377669170078,0.0],[4.283089870387705,52.5728526440981,0.0]]]}},{"id":"172","type":"Feature","properties":{},"geometry":{"type":"Polygon","coordinates":[[[4.288779037695775,52.57155038608869,0.0],[4.287994572985863,52.573057615613905,0.0],[4.289262071976487,52.571678230608086,0.0],[4.288779037695775,52.57155038608869,0.0]]]}},{"id":"173","type":"Feature","properties":{},"geometry":{"type":"Polygon","coordinates":[[[4.267730924447345,52.57389783371216,0.0],[4.268520690370903,52.5735896841999,0.0],[4.2677625230135705,52.57359905963758,0.0],[4.267730924447345,52.57389783371216,0.0]]]}},{"id":"174","type":"Feature","properties":{},"geometry":{"type":"Polygon","coordinates":[[[4.273228775213579,52.56568868228209,0.0],[4.273967513276623,52.56562158485888,0.0],[4.273345090634867,52.56538782084594,0.0],[4.273228775213579,52.56568868228209,0.0]]]}},{"id":"175","type":"Feature","properties":{},"geometry":{"type":"Polygon","coordinates":[[[4.276226210416615,52.565785461177676,0.0],[4.277081461200571,52.56548600909873,0.0],[4.276367258171166,52.565350934561344,0.0],[4.276226210416615,52.565785461177676,0.0]]]}},{"id":"176","type":"Feature","properties":{},"geometry":{"type":"Polygon","coordinates":[[[4.278247146547013,52.570476296354705,0.0],[4.278886244685256,52.57079221282863,0.0],[4.278948926182043,52.57060219408708,0.0],[4.278247146547013,52.570476296354705,0.0]]]}},{"id":"177","type":"Feature","properties":{},"geometry":{"type":"Polygon","coordinates":[[[4.310414774580426,52.571401727428416,0.0],[4.310782109164243,52.57110939344299,0.0],[4.31034800356985,52.57116307295752,0.0],[4.310414774580426,52.571401727428416,0.0]]]}},{"id":"178","type":"Feature","properties":{},"geometry":{"type":"Polygon","coordinates":[[[4.315089163374669,52.57574047507493,0.0],[4.314944655911398,52.575572553289604,0.0],[4.31486794947491,52.575743123372305,0.0],[4.315089163374669,52.57574047507493,0.0]]]}},{"id":"179","type":"Feature","properties":{},"geometry":{"type":"Polygon","coordinates":[[[4.305150287287565,52.58009734645638,0.0],[4.305491879952046,52.57993810405742,0.0],[4.305156868349318,52.57993655834514,0.0],[4.305150287287565,52.58009734645638,0.0]]]}},{"id":"180","type":"Feature","properties":{},"geometry":{"type":"Polygon","coordinates":[[[4.307810478356687,52.5803152105129,0.0],[4.307646922562798,52.580509030820934,0.0],[4.3081419410824076,52.580547986887446,0.0],[4.307810478356687,52.5803152105129,0.0]]]}},{"id":"181","type":"Feature","properties":{},"geometry":{"type":"Polygon","coordinates":[[[4.317007377458314,52.56186074428662,0.0],[4.3148497256021905,52.56330789900716,0.0],[4.318950566842173,52.56201220493838,0.0],[4.317007377458314,52.56186074428662,0.0]]]}},{"id":"182","type":"Feature","properties":{},"geometry":{"type":"Polygon","coordinates":[[[4.319918044735049,52.566065057602295,0.0],[4.320274223537832,52.566019508570605,0.0],[4.320050668064516,52.565847118542784,0.0],[4.319918044735049,52.566065057602295,0.0]]]}},{"id":"183","type":"Feature","properties":{},"geometry":{"type":"Polygon","coordinates":[[[4.297532666809749,52.56386539603438,0.0],[4.297922787544193,52.56402213679326,0.0],[4.297936483007894,52.563814730445685,0.0],[4.297532666809749,52.56386539603438,0.0]]]}},{"id":"184","type":"Feature","properties":{},"geometry":{"type":"Polygon","coordinates":[[[4.296342423819462,52.56693353032144,0.0],[4.296787168462627,52.56700973242394,0.0],[4.296801502281473,52.56686522450387,0.0],[4.296342423819462,52.56693353032144,0.0]]]}},{"id":"185","type":"Feature","properties":{},"geometry":{"type":"Polygon","coordinates":[[[4.2945043797113485,52.56427213878721,0.0],[4.2943414323549645,52.564555631091984,0.0],[4.294667229857329,52.564534318447436,0.0],[4.2945043797113485,52.56427213878721,0.0]]]}},{"id":"186","type":"Feature","properties":{},"geometry":{"type":"Polygon","coordinates":[[[4.300400429516419,52.56529919617043,0.0],[4.300681811627255,52.56547198474513,0.0],[4.300712196586063,52.56536812216568,0.0],[4.300400429516419,52.56529919617043,0.0]]]}},{"id":"187","type":"Feature","properties":{},"geometry":{"type":"Polygon","coordinates":[[[4.154645915072056,52.613429361885196,0.0],[4.15455298204133,52.61435838368596,0.0],[4.155161112618519,52.613950814990275,0.0],[4.154645915072056,52.613429361885196,0.0]]]}},{"id":"188","type":"Feature","properties":{},"geometry":{"type":"Polygon","coordinates":[[[4.147900743413963,52.61776698018909,0.0],[4.147781990991733,52.618558666027155,0.0],[4.148388371084328,52.61839011063637,0.0],[4.147900743413963,52.61776698018909,0.0]]]}},{"id":"189","type":"Feature","properties":{},"geometry":{"type":"Polygon","coordinates":[[[4.149503619962873,52.61956477701637,0.0],[4.148473376827682,52.62002980974759,0.0],[4.14960220220661,52.620174738094,0.0],[4.149503619962873,52.61956477701637,0.0]]]}},{"id":"190","type":"Feature","properties":{},"geometry":{"type":"Polygon","coordinates":[[[4.210491141033434,52.621642842121325,0.0],[4.211248117021131,52.62109854122615,0.0],[4.210466788082996,52.62126481969393,0.0],[4.210491141033434,52.621642842121325,0.0]]]}},{"id":"191","type":"Feature","properties":{},"geometry":{"type":"Polygon","coordinates":[[[4.274123624252686,52.624789139390145,0.0],[4.2758157145413,52.62512794738876,0.0],[4.276013971220672,52.624770150692896,0.0],[4.274123624252686,52.624789139390145,0.0]]]}},{"id":"192","type":"Feature","properties":{},"geometry":{"type":"Polygon","coordinates":[[[4.311974649532556,52.61213483209403,0.0],[4.3107168508250355,52.61225787706888,0.0],[4.311844611793205,52.61273722732859,0.0],[4.311974649532556,52.61213483209403,0.0]]]}},{"id":"193","type":"Feature","properties":{},"geometry":{"type":"Polygon","coordinates":[[[4.308097396427153,52.6110020023738,0.0],[4.3071252406309695,52.611312543886,0.0],[4.30822594889833,52.61144083962835,0.0],[4.308097396427153,52.6110020023738,0.0]]]}},{"id":"194","type":"Feature","properties":{},"geometry":{"type":"Polygon","coordinates":[[[4.341001939720293,52.631576718160105,0.0],[4.339050427802452,52.632355979570924,0.0],[4.341520975804184,52.63221796440341,0.0],[4.341001939720293,52.631576718160105,0.0]]]}},{"id":"195","type":"Feature","properties":{},"geometry":{"type":"Polygon","coordinates":[[[4.320512797084548,52.584583761280584,0.0],[4.3214371875443,52.58430681045071,0.0],[4.32059924345631,52.58426104032172,0.0],[4.320512797084548,52.584583761280584,0.0]]]}},{"id":"196","type":"Feature","properties":{},"geometry":{"type":"Polygon","coordinates":[[[4.28107931965272,52.59204386769809,0.0],[4.281215022009963,52.592280733350954,0.0],[4.281434835745592,52.59211704403806,0.0],[4.28107931965272,52.59204386769809,0.0]]]}},{"id":"197","type":"Feature","properties":{},"geometry":{"type":"Polygon","coordinates":[[[4.282677235253012,52.59160871644033,0.0],[4.282600233117953,52.591984464666226,0.0],[4.282842833060303,52.591812647409206,0.0],[4.282677235253012,52.59160871644033,0.0]]]}},{"id":"198","type":"Feature","properties":{},"geometry":{"type":"Polygon","coordinates":[[[4.319775041469068,52.6696955310558,0.0],[4.3216808512252785,52.66972322117482,0.0],[4.322736376791686,52.66900685407101,0.0],[4.319775041469068,52.6696955310558,0.0]]]}},{"id":"199","type":"Feature","properties":{},"geometry":{"type":"Polygon","coordinates":[[[4.327748673450351,52.66762747919165,0.0],[4.327849686393003,52.6678145884287,0.0],[4.328021032714788,52.66769194928202,0.0],[4.327748673450351,52.66762747919165,0.0]]]}},{"id":"200","type":"Feature","properties":{},"geometry":{"type":"Polygon","coordinates":[[[4.1834819478129015,52.59408051467762,0.0],[4.180273573949108,52.595325122556375,0.0],[4.178167673564426,52.59559400922089,0.0],[4.18436539037607,52.595025175644494,0.0],[4.1834819478129015,52.59408051467762,0.0]]]}},{"id":"201","type":"Feature","properties":{},"geometry":{"type":"Polygon","coordinates":[[[4.135158751739718,52.61275787077932,0.0],[4.140302422027116,52.618903323445984,0.0],[4.139854226553748,52.62086724968889,0.0],[4.142826835824202,52.62233765838353,0.0],[4.1430500462578745,52.62461159768462,0.0],[4.152611563019901,52.6311464475495,0.0],[4.153240137300843,52.63481309734099,0.0],[4.1575859614471735,52.638149455434686,0.0],[4.161507844758888,52.63324845650012,0.0],[4.168714384014011,52.63469822942952,0.0],[4.16633160721142,52.63278181309671,0.0],[4.168522425272623,52.63202719663032,0.0],[4.165601056526442,52.63008254388681,0.0],[4.156974234456013,52.63260037479755,0.0],[4.155705686591669,52.62929084689297,0.0],[4.151570525296275,52.627236394818866,0.0],[4.154371079074188,52.62619388157618,0.0],[4.153281745760309,52.623520794700774,0.0],[4.148708627627068,52.62125664535823,0.0],[4.1483074132100946,52.62435104817388,0.0],[4.142842437095239,52.619533966198865,0.0],[4.1429249418840355,52.61811400677655,0.0],[4.146445774331148,52.62011607253363,0.0],[4.145858553244224,52.616777685751174,0.0],[4.14722782927768,52.6157415270129,0.0],[4.137810726007614,52.613657038899966,0.0],[4.141982276605689,52.61393410501885,0.0],[4.140308288275398,52.61254063172134,0.0],[4.141247439304657,52.611216749474345,0.0],[4.139019453040933,52.61246277585253,0.0],[4.136687894154569,52.610591746519724,0.0],[4.135158751739718,52.61275787077932,0.0]]]}},{"id":"202","type":"Feature","properties":{},"geometry":{"type":"Polygon","coordinates":[[[4.165587831536667,52.6120996723866,0.0],[4.165065629314064,52.60832422376974,0.0],[4.163139966633485,52.60703183306163,0.0],[4.16215144518525,52.60892261311253,0.0],[4.1542396787569436,52.60715874130822,0.0],[4.152929227197029,52.60524355782801,0.0],[4.160007283314383,52.60600853114682,0.0],[4.160887831963744,52.60425270882132,0.0],[4.163538332179281,52.60602732728309,0.0],[4.1634099860827245,52.603953251274994,0.0],[4.167528157058199,52.6026544912845,0.0],[4.155309602874746,52.60351641914604,0.0],[4.143043557691406,52.60158606957831,0.0],[4.137244303018189,52.60980349955204,0.0],[4.1625593920569885,52.61442221032282,0.0],[4.165587831536667,52.6120996723866,0.0]],[[4.148665352228334,52.60970651937565,0.0],[4.14877813218819,52.60766479261301,0.0],[4.151228964619226,52.61093509197185,0.0],[4.150477385184446,52.61087343909828,0.0],[4.148665352228334,52.60970651937565,0.0]],[[4.145647835644194,52.602452082804525,0.0],[4.149029852540743,52.605187947846396,0.0],[4.143392167459769,52.60752455194658,0.0],[4.145768109386655,52.60502027328543,0.0],[4.144123839537867,52.60399732012673,0.0],[4.145647835644194,52.602452082804525,0.0]],[[4.150581496841891,52.60590210466257,0.0],[4.152194730289528,52.6058881762739,0.0],[4.151047542761675,52.60676358680291,0.0],[4.150581496841891,52.60590210466257,0.0]]]}},{"id":"203","type":"Feature","properties":{},"geometry":{"type":"Polygon","coordinates":[[[4.145591878088151,52.59997129696483,0.0],[4.145087478100281,52.59868907899702,0.0],[4.143739275618886,52.60060002625159,0.0],[4.145591878088151,52.59997129696483,0.0]]]}},{"id":"204","type":"Feature","properties":{},"geometry":{"type":"Polygon","coordinates":[[[4.1792561986824115,52.568258758006216,0.0],[4.179075958140259,52.568500061528965,0.0],[4.179620419693754,52.568518600848726,0.0],[4.1792561986824115,52.568258758006216,0.0]]]}},{"id":"205","type":"Feature","properties":{},"geometry":{"type":"Polygon","coordinates":[[[4.282233440948439,52.5615686296742,0.0],[4.2870341193861385,52.561766490882846,0.0],[4.291552939708003,52.5644361339331,0.0],[4.290536791331303,52.56081719323834,0.0],[4.282233440948439,52.5615686296742,0.0]]]}},{"id":"206","type":"Feature","properties":{},"geometry":{"type":"Polygon","coordinates":[[[4.292024974484504,52.560682452115316,0.0],[4.301790454297651,52.56538014573682,0.0],[4.309573174545642,52.56573885736051,0.0],[4.304184945203802,52.56499890358286,0.0],[4.304067474152464,52.56217144242734,0.0],[4.30750406778513,52.562031429343804,0.0],[4.310941260528422,52.563879952924054,0.0],[4.312793967602726,52.56714468674074,0.0],[4.311342546559237,52.5607599031942,0.0],[4.3069122612514,52.55933346721007,0.0],[4.292024974484504,52.560682452115316,0.0]]]}},{"id":"207","type":"Feature","properties":{},"geometry":{"type":"Polygon","coordinates":[[[4.34689313629062,52.63110879939888,0.0],[4.351071972848394,52.63201556955529,0.0],[4.350511877405813,52.6287876491653,0.0],[4.348501812603673,52.62845594740171,0.0],[4.34773171321521,52.62650650446888,0.0],[4.350360681814366,52.627973047658934,0.0],[4.34617482387329,52.60618477063811,0.0],[4.327614925119932,52.60553459626335,0.0],[4.331237711218433,52.607445720818134,0.0],[4.330921920124151,52.6091769190546,0.0],[4.335702945972129,52.60876853649475,0.0],[4.335707763440974,52.61026489829611,0.0],[4.333054942828987,52.61133460024927,0.0],[4.342204944292874,52.614353555868384,0.0],[4.333761283218015,52.615455674274045,0.0],[4.321186024120797,52.612047778992576,0.0],[4.318168764672234,52.60825726357681,0.0],[4.327644142441958,52.60711436944248,0.0],[4.311536283015413,52.60648466477444,0.0],[4.314362037611487,52.60417384746172,0.0],[4.3261316040858455,52.60553916142568,0.0],[4.324949975917699,52.6035790133129,0.0],[4.315970110251261,52.60237159638449,0.0],[4.312128250446178,52.599421972969104,0.0],[4.311084411462053,52.60230700757305,0.0],[4.304197358175019,52.60387397077722,0.0],[4.301167457911382,52.60139317185415,0.0],[4.29091776006804,52.601167391946426,0.0],[4.292723876177546,52.60369468694963,0.0],[4.2949386078134015,52.602998759761995,0.0],[4.294558308903837,52.604759171106835,0.0],[4.297248821338881,52.608128129334794,0.0],[4.296758005130529,52.61030128128661,0.0],[4.29911642853947,52.60965806018002,0.0],[4.2982497901654755,52.6126738520796,0.0],[4.301526079150725,52.61472550161164,0.0],[4.300453048870275,52.61745079017709,0.0],[4.29617214071496,52.61622983480798,0.0],[4.295722970815764,52.614130007524494,0.0],[4.292342110904848,52.615039497076815,0.0],[4.301318022660283,52.625533923763776,0.0],[4.305506731130552,52.621534181517056,0.0],[4.30602713969545,52.62341863958933,0.0],[4.3089948837169185,52.62381917152631,0.0],[4.3093593078293555,52.62601849885919,0.0],[4.312789517651333,52.62305068972399,0.0],[4.329314187649601,52.625857298289525,0.0],[4.327843072844436,52.62353250845188,0.0],[4.32251638175133,52.62405896648726,0.0],[4.32471176844576,52.62197286704919,0.0],[4.323314408579537,52.62137174801455,0.0],[4.320538695113568,52.623211805827744,0.0],[4.317391548664553,52.62297495701325,0.0],[4.3205384166773815,52.62233491761443,0.0],[4.313683536992779,52.6187676177626,0.0],[4.320157880556009,52.616333893734016,0.0],[4.321128464123676,52.6138150712687,0.0],[4.325557351457584,52.62100160182716,0.0],[4.3273353341957455,52.620335727035325,0.0],[4.3296737503312785,52.621039522858794,0.0],[4.329572839556954,52.62238342401993,0.0],[4.334150848680899,52.62278683513469,0.0],[4.331407383550589,52.624416116205225,0.0],[4.331910832012197,52.626156590520225,0.0],[4.334740506866377,52.62544593777453,0.0],[4.3374129298054065,52.62169409729008,0.0],[4.33516193374839,52.618629359888594,0.0],[4.342772570523021,52.62209966680895,0.0],[4.342450204509756,52.62437558910128,0.0],[4.335161978974727,52.62659070616882,0.0],[4.335133893284785,52.62860535809949,0.0],[4.337857772172684,52.62857377037382,0.0],[4.3366676171212175,52.63113662085611,0.0],[4.341690500075421,52.63103414511734,0.0],[4.346720401464019,52.63364055283774,0.0],[4.34689313629062,52.63110879939888,0.0]],[[4.338920149059022,52.62978120219923,0.0],[4.340382533420748,52.6292668997313,0.0],[4.340127672037846,52.63005066339129,0.0],[4.338920149059022,52.62978120219923,0.0]],[[4.343690730787065,52.62973475276682,0.0],[4.342674725803567,52.62875649363868,0.0],[4.344833457499641,52.62952189038128,0.0],[4.343690730787065,52.62973475276682,0.0]],[[4.346301666654484,52.62940472879999,0.0],[4.3468699087864655,52.628495415197904,0.0],[4.347389961060476,52.62928632619193,0.0],[4.346301666654484,52.62940472879999,0.0]],[[4.3460404421989765,52.62764646093514,0.0],[4.345864726858248,52.62704210738076,0.0],[4.346323753698343,52.62730517950927,0.0],[4.3460404421989765,52.62764646093514,0.0]],[[4.3291818173432235,52.61981261738887,0.0],[4.3284193142098,52.61873057910407,0.0],[4.330487018604649,52.616407547064455,0.0],[4.330801786571754,52.61896724569377,0.0],[4.3291818173432235,52.61981261738887,0.0]],[[4.326451482068614,52.61574010769727,0.0],[4.32822010891987,52.61460449209191,0.0],[4.32876945763554,52.6153575343741,0.0],[4.326451482068614,52.61574010769727,0.0]],[[4.326224177239017,52.6136520134951,0.0],[4.325090139661057,52.614293853360856,0.0],[4.325220105780935,52.61365637029527,0.0],[4.326224177239017,52.6136520134951,0.0]],[[4.315808628263069,52.61381534670545,0.0],[4.313502300425284,52.612384485918746,0.0],[4.311474372942063,52.614096188342764,0.0],[4.308793034564066,52.613100653620364,0.0],[4.310668892131985,52.61636353577521,0.0],[4.309635321797313,52.61671535681927,0.0],[4.3049140321202355,52.614530479636414,0.0],[4.305711432383345,52.6127855735282,0.0],[4.304038764243472,52.61366725137018,0.0],[4.302334266997374,52.61227010047229,0.0],[4.305020526265933,52.611378722337044,0.0],[4.300293929369105,52.610464322128905,0.0],[4.2990653014041955,52.60833025254135,0.0],[4.307747021824344,52.608951171795525,0.0],[4.311575304036256,52.6074523696488,0.0],[4.310313261941609,52.60932920865945,0.0],[4.317033801801233,52.60903928955207,0.0],[4.320216243209927,52.61154311104962,0.0],[4.315808628263069,52.61381534670545,0.0]],[[4.304617793495638,52.6150779392781,0.0],[4.303263236639298,52.615657667271456,0.0],[4.3030810831976565,52.615333332308914,0.0],[4.304617793495638,52.6150779392781,0.0]],[[4.307640211461708,52.61679806137449,0.0],[4.306563781526635,52.618810923060494,0.0],[4.300776284866593,52.61875324979847,0.0],[4.302576150276317,52.61744146300706,0.0],[4.307640211461708,52.61679806137449,0.0]],[[4.313336224121026,52.62038596939279,0.0],[4.311665491295836,52.62086737745617,0.0],[4.311820402747594,52.61975005651204,0.0],[4.313336224121026,52.62038596939279,0.0]],[[4.30302662524844,52.622923986242604,0.0],[4.301643150251529,52.62323571760443,0.0],[4.302832406505494,52.62257467487695,0.0],[4.30302662524844,52.622923986242604,0.0]],[[4.295942059015741,52.60361036934403,0.0],[4.302221533877404,52.6042322909303,0.0],[4.298774876981509,52.60543573028488,0.0],[4.299020457710265,52.607214544757454,0.0],[4.295942059015741,52.60361036934403,0.0]],[[4.345607742329642,52.61488858403187,0.0],[4.343753158705855,52.61272253753386,0.0],[4.345402778189068,52.61128738661399,0.0],[4.345607742329642,52.61488858403187,0.0]],[[4.338824154010836,52.610922294154086,0.0],[4.340075626248356,52.61036908432823,0.0],[4.340710924956543,52.6109306479401,0.0],[4.338824154010836,52.610922294154086,0.0]],[[4.337377433188792,52.60896524851599,0.0],[4.338110515054598,52.60859478489388,0.0],[4.3383958400071405,52.60887158525008,0.0],[4.337377433188792,52.60896524851599,0.0]],[[4.340871289952064,52.60894330533517,0.0],[4.340764783262085,52.608109384713664,0.0],[4.34157097577434,52.60840228645303,0.0],[4.340871289952064,52.60894330533517,0.0]]]}},{"id":"208","type":"Feature","properties":{},"geometry":{"type":"Polygon","coordinates":[[[4.320159146047759,52.58358134286325,0.0],[4.34010919843621,52.58076395747069,0.0],[4.339373943547902,52.579107151993085,0.0],[4.335154221474255,52.57768163014039,0.0],[4.3362481523210885,52.57545244061193,0.0],[4.3270097128078575,52.57751705126573,0.0],[4.322925006640194,52.57687610866549,0.0],[4.322135982443832,52.57518014477367,0.0],[4.323798540078091,52.57357508465557,0.0],[4.32097786508618,52.571625041538304,0.0],[4.32106649575223,52.57663486755261,0.0],[4.319257618955295,52.577417999887906,0.0],[4.3170760987860906,52.57390718855493,0.0],[4.3187623593962154,52.57348627911802,0.0],[4.310105483114602,52.57417155248861,0.0],[4.304612916189937,52.572329612332666,0.0],[4.309778198551482,52.56955030614978,0.0],[4.305385745581581,52.569214103383636,0.0],[4.305394456311131,52.5679345118195,0.0],[4.298677455770769,52.56511136849568,0.0],[4.297125655823053,52.56791808669335,0.0],[4.277545244724504,52.56332632255554,0.0],[4.276374114724185,52.56389773750612,0.0],[4.278756300596382,52.565938200840066,0.0],[4.273794105226441,52.56861690361959,0.0],[4.263105766685081,52.56873069222077,0.0],[4.259000643773133,52.57065290945641,0.0],[4.263524702496215,52.57338353516999,0.0],[4.265878111463503,52.57096744264623,0.0],[4.268431813135633,52.57114304268676,0.0],[4.27462347827463,52.57616417553762,0.0],[4.266743766495198,52.574365358849825,0.0],[4.263778414213455,52.57507342946649,0.0],[4.2772392185830235,52.57943243023644,0.0],[4.279401915319102,52.5816612336489,0.0],[4.277923146579316,52.57340889593349,0.0],[4.281068860592371,52.57188266432569,0.0],[4.277128752999301,52.57017269415649,0.0],[4.279391083075272,52.56909103125778,0.0],[4.289678600722629,52.57055419310892,0.0],[4.290172227335647,52.57303015554705,0.0],[4.288629860831689,52.57513626022408,0.0],[4.293121676654843,52.57622890819982,0.0],[4.2940860436291794,52.573971274226075,0.0],[4.301613110264716,52.57728512615419,0.0],[4.30566031744776,52.57680736655329,0.0],[4.313534597482549,52.579716718548845,0.0],[4.312459812921781,52.58171830294833,0.0],[4.314979846614957,52.58317893060698,0.0],[4.312874816511666,52.58378562739456,0.0],[4.320159146047759,52.58358134286325,0.0]],[[4.316267555176717,52.58325733528581,0.0],[4.3171604227621785,52.582801820283166,0.0],[4.317127335197126,52.58350935157762,0.0],[4.316267555176717,52.58325733528581,0.0]],[[4.3166725222383295,52.577489707021826,0.0],[4.31110101591768,52.57768079878246,0.0],[4.310129890440008,52.57574935269262,0.0],[4.31673426470502,52.5741171985396,0.0],[4.3166725222383295,52.577489707021826,0.0]],[[4.300465820063105,52.57469201239338,0.0],[4.296650027999953,52.57256606924437,0.0],[4.296145403509143,52.571080953843456,0.0],[4.298575906210601,52.57145822426302,0.0],[4.300465820063105,52.57469201239338,0.0]],[[4.306247103010232,52.57090004135452,0.0],[4.299925832007052,52.570317827137664,0.0],[4.299461955271969,52.570016955416534,0.0],[4.306247103010232,52.57090004135452,0.0]],[[4.293892506372007,52.568600749154335,0.0],[4.294286131319796,52.57194041424813,0.0],[4.293610998374102,52.5723535293366,0.0],[4.292696459571045,52.5701871773132,0.0],[4.293892506372007,52.568600749154335,0.0]],[[4.300588532911622,52.56915411465602,0.0],[4.295160732895042,52.56905132328665,0.0],[4.301973689204014,52.56825485462357,0.0],[4.300588532911622,52.56915411465602,0.0]],[[4.291315315133707,52.56784599722999,0.0],[4.290950438998139,52.56838905046281,0.0],[4.29052618826925,52.56819051138086,0.0],[4.291315315133707,52.56784599722999,0.0]],[[4.27526144289758,52.573203606823164,0.0],[4.273166550871149,52.57162812299976,0.0],[4.273662959385735,52.56974499321635,0.0],[4.275589716783469,52.56994350754932,0.0],[4.27526144289758,52.573203606823164,0.0]]]}},{"id":"209","type":"Feature","properties":{},"geometry":{"type":"MultiPolygon","coordinates":[[[[3.692752923602477,52.57730706203209,0.0],[3.6928448172651436,52.577237283344935,0.0],[3.692752016388514,52.5772949143251,0.0],[3.692752923602477,52.57730706203209,0.0]]],[[[3.692752923602477,52.57730706203209,0.0],[3.6928396455319055,52.58456424170462,0.0],[3.69790016658161,52.585891934980275,0.0],[3.6999474166331594,52.582746465217895,0.0],[3.698369563621818,52.58291814244206,0.0],[3.6975576484727055,52.5794961250705,0.0],[3.6944054421136956,52.5775354477167,0.0],[3.6933353963044424,52.57714877907364,0.0],[3.692752923602477,52.57730706203209,0.0]]]]}},{"id":"210","type":"Feature","properties":{},"geometry":{"type":"Polygon","coordinates":[[[3.7841171289723454,52.633253040895,0.0],[3.7831707643226107,52.63285711147754,0.0],[3.7829641148268545,52.63312758211517,0.0],[3.7841171289723454,52.633253040895,0.0]]]}},{"id":"211","type":"Feature","properties":{},"geometry":{"type":"Polygon","coordinates":[[[3.793400796874072,52.632155856663665,0.0],[3.792701541116434,52.63177619549535,0.0],[3.7925568369353044,52.632053791637304,0.0],[3.793400796874072,52.632155856663665,0.0]]]}},{"id":"212","type":"Feature","properties":{},"geometry":{"type":"Polygon","coordinates":[[[3.6922933645762304,52.57281556820337,0.0],[3.690427098758547,52.57271838443926,0.0],[3.6916182366677712,52.5739036764606,0.0],[3.6922933645762304,52.57281556820337,0.0]]]}},{"id":"213","type":"Feature","properties":{},"geometry":{"type":"Polygon","coordinates":[[[3.720751454938285,52.558767228450066,0.0],[3.71958162898403,52.558741515076534,0.0],[3.7201489570433712,52.559199254842355,0.0],[3.720751454938285,52.558767228450066,0.0]]]}},{"id":"214","type":"Feature","properties":{},"geometry":{"type":"Polygon","coordinates":[[[3.8341722273728096,52.716946450792,0.0],[3.832144414536267,52.71694967875671,0.0],[3.834061228104101,52.71733411485756,0.0],[3.8341722273728096,52.716946450792,0.0]]]}},{"id":"215","type":"Feature","properties":{},"geometry":{"type":"Polygon","coordinates":[[[3.834645874039923,52.720160026213016,0.0],[3.8335507481774296,52.72123516444587,0.0],[3.8353369361583423,52.723601275026446,0.0],[3.83619436511078,52.72301957843984,0.0],[3.834645874039923,52.720160026213016,0.0]]]}},{"id":"216","type":"Feature","properties":{},"geometry":{"type":"Polygon","coordinates":[[[3.7251689658586624,52.558611303014516,0.0],[3.7244808761824912,52.5580660388055,0.0],[3.724586291304663,52.55877899979842,0.0],[3.7251689658586624,52.558611303014516,0.0]]]}},{"id":"217","type":"Feature","properties":{},"geometry":{"type":"Polygon","coordinates":[[[3.7966929025164355,52.70043043339569,0.0],[3.795201399380079,52.69915598193234,0.0],[3.7955229145331706,52.70068804684106,0.0],[3.7966929025164355,52.70043043339569,0.0]]]}},{"id":"218","type":"Feature","properties":{},"geometry":{"type":"Polygon","coordinates":[[[3.824259251580762,52.75682718925929,0.0],[3.8262259910596823,52.75633778229241,0.0],[3.8258255543598425,52.75506562952857,0.0],[3.824287132994142,52.7549811845301,0.0],[3.824259251580762,52.75682718925929,0.0]]]}},{"id":"219","type":"Feature","properties":{},"geometry":{"type":"Polygon","coordinates":[[[3.839829688033153,52.67945405263091,0.0],[3.8404769664917913,52.678921403524654,0.0],[3.8397723298830786,52.67891212586912,0.0],[3.839829688033153,52.67945405263091,0.0]]]}},{"id":"220","type":"Feature","properties":{},"geometry":{"type":"Polygon","coordinates":[[[3.8040365088022536,52.641342444732544,0.0],[3.8098067644416314,52.64042304328831,0.0],[3.809874416254699,52.63985170049046,0.0],[3.8041949207597603,52.63931950453175,0.0],[3.8040365088022536,52.641342444732544,0.0]]]}},{"id":"221","type":"Feature","properties":{},"geometry":{"type":"Polygon","coordinates":[[[3.779095226621639,52.60207906744435,0.0],[3.781050437936317,52.603279315765214,0.0],[3.787416898272266,52.603982874109164,0.0],[3.7840393439874,52.600464016239734,0.0],[3.782610288115301,52.60202021398669,0.0],[3.779095226621639,52.60207906744435,0.0]]]}},{"id":"222","type":"Feature","properties":{},"geometry":{"type":"Polygon","coordinates":[[[3.7577288618086033,52.59844843354417,0.0],[3.7577997029820085,52.59983712625543,0.0],[3.7606746307176313,52.59981869770701,0.0],[3.760386798970875,52.59943995814456,0.0],[3.7577288618086033,52.59844843354417,0.0]]]}},{"id":"223","type":"Feature","properties":{},"geometry":{"type":"Polygon","coordinates":[[[3.8384236987434384,52.678206946841456,0.0],[3.8438980866911603,52.677965912422195,0.0],[3.8444958923727115,52.677509709493954,0.0],[3.8379131749609012,52.67709258904816,0.0],[3.8384236987434384,52.678206946841456,0.0]]]}},{"id":"224","type":"Feature","properties":{},"geometry":{"type":"Polygon","coordinates":[[[3.719562395931327,52.67663395484085,0.0],[3.7244315657908897,52.67432080257144,0.0],[3.7254150723389143,52.67274488548979,0.0],[3.719102528008616,52.674367524623136,0.0],[3.719562395931327,52.67663395484085,0.0]]]}},{"id":"225","type":"Feature","properties":{},"geometry":{"type":"Polygon","coordinates":[[[3.700727156457133,52.60720353095913,0.0],[3.703149636198138,52.607848438238825,0.0],[3.704130514889803,52.60654404823829,0.0],[3.70230871973638,52.60587040239658,0.0],[3.700727156457133,52.60720353095913,0.0]]]}},{"id":"226","type":"Feature","properties":{},"geometry":{"type":"Polygon","coordinates":[[[3.7114498790191472,52.607656819756805,0.0],[3.71927600069374,52.61122512702381,0.0],[3.722828869956312,52.610566018358085,0.0],[3.7214232095419595,52.606825811542265,0.0],[3.7206283852898543,52.60886678656336,0.0],[3.7180763341221295,52.606684397897816,0.0],[3.714709532395731,52.60723758117589,0.0],[3.715105699192367,52.60373379467528,0.0],[3.712861916548082,52.60221545856861,0.0],[3.716725110647486,52.60145951612953,0.0],[3.7093457903218234,52.60124704239196,0.0],[3.704211510594589,52.59875629253198,0.0],[3.7045623793323057,52.59725088821609,0.0],[3.700960566075101,52.59870897427887,0.0],[3.6998002941449175,52.59551890597304,0.0],[3.6984720124098964,52.595507717933444,0.0],[3.6996382763977924,52.597118327943335,0.0],[3.6977149746464364,52.59801453726159,0.0],[3.7003651817737464,52.60154786543305,0.0],[3.7060824684131735,52.60530075678966,0.0],[3.709691782367459,52.605250642907784,0.0],[3.7114498790191472,52.607656819756805,0.0]]]}},{"id":"227","type":"Feature","properties":{},"geometry":{"type":"Polygon","coordinates":[[[-0.18941354633805507,53.992219225234365,0.0],[-0.18779528317837482,53.99141709625028,0.0],[-0.18796534462353487,53.99035702485245,0.0],[-0.1844429551422982,53.989390006859146,0.0],[-0.18477591934499418,53.989073716356664,0.0],[-0.18626670253500194,53.98839211721012,0.0],[-0.1867966228582794,53.98846284904696,0.0],[-0.18741524052222408,53.98904865325925,0.0],[-0.18790443361313874,53.98912234787332,0.0],[-0.18802405935833147,53.98913005225229,0.0],[-0.18815094744513391,53.989135411736186,0.0],[-0.1887546243900835,53.98914897610103,0.0],[-0.189000697798131,53.98908325062702,0.0],[-0.18908729860557957,53.98902998124861,0.0],[-0.1891192164829219,53.988991317590354,0.0],[-0.18914354601149827,53.988944634627735,0.0],[-0.1891602872040341,53.988889932365076,0.0],[-0.1891203457034242,53.9884224048705,0.0],[-0.18860873353767546,53.98747826383146,0.0],[-0.17999548738114377,53.98368013281184,0.0],[-0.17979713099921954,53.981810214715814,0.0],[-0.17624506864674488,53.980148270510824,0.0],[-0.17537124845798474,53.97936903267483,0.0],[-0.17518913416236603,53.97851559526338,0.0],[-0.175484085384236,53.97779392467752,0.0],[-0.18043024320121723,53.97665048986846,0.0],[-0.17629895655013547,53.976240307819914,0.0],[-0.17588236289271378,53.97587892562543,0.0],[-0.17570063958118282,53.97482900055408,0.0],[-0.1760484495335244,53.97460478763669,0.0],[-0.179236519673842,53.97521186227977,0.0],[-0.1790965854091715,53.97380718784713,0.0],[-0.1802228307545828,53.97266509215981,0.0],[-0.17460547919881741,53.9696704599103,0.0],[-0.17426201611564907,53.967627725482735,0.0],[-0.1747815954407727,53.96964343971968,0.0],[-0.18043127825795366,53.97270520133208,0.0],[-0.17925475584863493,53.975320568725316,0.0],[-0.17588819617587295,53.97479657936837,0.0],[-0.17638155009195483,53.97614061446221,0.0],[-0.1805679645563192,53.976579631093664,0.0],[-0.18031077990150074,53.97676387991108,0.0],[-0.1798226969287561,53.97692283001884,0.0],[-0.17567124658695213,53.97787526291335,0.0],[-0.1754117501647176,53.979219111997345,0.0],[-0.1799936903888895,53.98175498649931,0.0],[-0.180184760497226,53.983431770041435,0.0],[-0.18872023423472262,53.98743459024651,0.0],[-0.18927509179314694,53.98843117181286,0.0],[-0.1891400901822864,53.988982880178426,0.0],[-0.1889908386116027,53.98903104077041,0.0],[-0.18880115267943665,53.989069659224576,0.0],[-0.1883004778210913,53.989118268910794,0.0],[-0.18798948907547966,53.98912825963436,0.0],[-0.18771704645784293,53.989127910285724,0.0],[-0.1872878003971976,53.989096192373665,0.0],[-0.1863251070603624,53.98848696189399,0.0],[-0.18465188971619068,53.98931778878613,0.0],[-0.18800046903821194,53.990252810303225,0.0],[-0.18941354633805507,53.992219225234365,0.0]]]}},{"id":"228","type":"Feature","properties":{},"geometry":{"type":"Polygon","coordinates":[[[3.5107819698316347,54.308024001650665,0.0],[3.50953467465796,54.310883293845194,0.0],[3.5102180983079943,54.31603396885591,0.0],[3.5220284351043767,54.31983711424202,0.0],[3.5364204088737705,54.32027208839849,0.0],[3.538769818930104,54.32342508019353,0.0],[3.5360015221346868,54.32331892351416,0.0],[3.5316618662321035,54.32023793375844,0.0],[3.5291143481241694,54.32244399744018,0.0],[3.531983888988079,54.32475968472996,0.0],[3.5375007985282467,54.32556118530795,0.0],[3.5465945500385927,54.32359004826912,0.0],[3.5442928849024073,54.318435383507975,0.0],[3.5506616037641177,54.31484499861958,0.0],[3.5495313966202553,54.31182817892091,0.0],[3.5459348638871786,54.31077583104472,0.0],[3.546667100227349,54.309469166720035,0.0],[3.555416099892116,54.30848706550777,0.0],[3.55886485032402,54.30530766713267,0.0],[3.5633684726688073,54.304515981887945,0.0],[3.5731922277929207,54.30496780716393,0.0],[3.583974172420658,54.30944964219893,0.0],[3.5911115582422477,54.30973237923096,0.0],[3.596374729077986,54.30828233616718,0.0],[3.6001554646462037,54.30312609673247,0.0],[3.594031725741114,54.29803271976037,0.0],[3.589676890170942,54.290565260184465,0.0],[3.584725415018244,54.289721996577796,0.0],[3.5641600816186663,54.294652590995554,0.0],[3.5633028896768395,54.29625444113208,0.0],[3.566002235130599,54.29819970978784,0.0],[3.5639235894669126,54.30109223469965,0.0],[3.5295954986622715,54.30198865758934,0.0],[3.5263616311722807,54.30366391998642,0.0],[3.5253347624495617,54.30720917775613,0.0],[3.51371926921223,54.30662420685058,0.0],[3.5107819698316347,54.308024001650665,0.0]]]}},{"id":"229","type":"Feature","properties":{},"geometry":{"type":"Polygon","coordinates":[[[3.5433568666096433,54.19144653369639,0.0],[3.5450136422885965,54.19358305947561,0.0],[3.554984491088198,54.19546412928133,0.0],[3.5578906064747944,54.195363853836405,0.0],[3.559657439160256,54.193490039309715,0.0],[3.5542528920736762,54.18994167298731,0.0],[3.552472772023678,54.192848793996546,0.0],[3.544845079085586,54.19064835479449,0.0],[3.5433568666096433,54.19144653369639,0.0]]]}},{"id":"230","type":"Feature","properties":{},"geometry":{"type":"Polygon","coordinates":[[[3.5284080121864423,54.197635312274954,0.0],[3.533579482488723,54.20180505084134,0.0],[3.5415996651220194,54.20205916001192,0.0],[3.538705776084473,54.19868831381803,0.0],[3.5308809042586535,54.195289185158025,0.0],[3.5284080121864423,54.197635312274954,0.0]]]}},{"id":"231","type":"Feature","properties":{},"geometry":{"type":"Polygon","coordinates":[[[3.5254536442347124,54.218421613527305,0.0],[3.5287124724319336,54.21910218252048,0.0],[3.531594584123809,54.22334155041618,0.0],[3.535185570730459,54.22424106221872,0.0],[3.5446995690266747,54.22321659876262,0.0],[3.545722449789779,54.21897918990431,0.0],[3.5443480347741105,54.215446007247,0.0],[3.538608960874102,54.21696583697764,0.0],[3.5438212601677503,54.21352180384079,0.0],[3.541093710935339,54.21056555217763,0.0],[3.533815849477496,54.212492672143846,0.0],[3.5374817338601803,54.217302176068614,0.0],[3.5254536442347124,54.218421613527305,0.0]]]}},{"id":"232","type":"Feature","properties":{},"geometry":{"type":"Polygon","coordinates":[[[3.570960485386366,54.19422817212231,0.0],[3.5769212199343725,54.19569411324424,0.0],[3.5829108799625287,54.19486347015078,0.0],[3.5827978058910888,54.1976680579012,0.0],[3.5864389311036065,54.20003914425954,0.0],[3.58649995609077,54.201750605262234,0.0],[3.5893367849832623,54.202512115525195,0.0],[3.592997455458751,54.19862084013509,0.0],[3.590163080030912,54.19454056879319,0.0],[3.594928878926626,54.19389621284628,0.0],[3.571607181943867,54.19122751423491,0.0],[3.5701093729403435,54.192326030628394,0.0],[3.570960485386366,54.19422817212231,0.0]]]}},{"id":"233","type":"Feature","properties":{},"geometry":{"type":"Polygon","coordinates":[[[3.6140624425584353,54.20036713830886,0.0],[3.6161647833608708,54.20567258293694,0.0],[3.609549980387647,54.209788909758856,0.0],[3.6086202371096623,54.21265976754064,0.0],[3.6151033689956575,54.21433918097361,0.0],[3.6299200387254036,54.21474752222751,0.0],[3.6290041667417245,54.21011399156956,0.0],[3.623500368260989,54.20312156124484,0.0],[3.6191933015582354,54.189636896100225,0.0],[3.6087736755035262,54.1901248441928,0.0],[3.6072477429830454,54.19428713593373,0.0],[3.6081539535989005,54.19925507046561,0.0],[3.6052981946328666,54.19673689697619,0.0],[3.5982200892836342,54.197450397193094,0.0],[3.6064888379468916,54.200271193780715,0.0],[3.6140624425584353,54.20036713830886,0.0]]]}},{"id":"234","type":"Feature","properties":{},"geometry":{"type":"Polygon","coordinates":[[[3.6325927572605576,54.214934261760796,0.0],[3.639060307494377,54.216661936860284,0.0],[3.645845174576255,54.21277603001653,0.0],[3.6565659684835436,54.21541342712138,0.0],[3.6608814926470044,54.214140526759756,0.0],[3.658272630625053,54.21096998571853,0.0],[3.643678949060093,54.202966847333116,0.0],[3.6452077340107936,54.201091605570255,0.0],[3.6518641717156965,54.19927843907398,0.0],[3.6515140484474453,54.19797522690202,0.0],[3.630263389183132,54.19188600017344,0.0],[3.6293404653206762,54.189242075398646,0.0],[3.6221855316330713,54.18956050910918,0.0],[3.6251536351864884,54.20010562020975,0.0],[3.6272078078837096,54.202364639352716,0.0],[3.632024664512356,54.203951147353266,0.0],[3.6367399263292146,54.20260741271638,0.0],[3.6414822243191916,54.203408804399764,0.0],[3.630034102410721,54.20654071797044,0.0],[3.6325927572605576,54.214934261760796,0.0]]]}},{"id":"235","type":"Feature","properties":{},"geometry":{"type":"Polygon","coordinates":[[[3.1049310785825774,51.64900479073059,0.0],[3.1147857325673183,51.64272204878131,0.0],[3.1159534955881885,51.63892481700025,0.0],[3.114061721034572,51.63572996501698,0.0],[3.106350091594996,51.633215356308106,0.0],[3.0961329738871797,51.63301105127845,0.0],[3.0891177633332663,51.635644987258026,0.0],[3.0847037021565518,51.64079849868857,0.0],[3.085419625161562,51.64584610340162,0.0],[3.0917438671946376,51.65001036067764,0.0],[3.0985968704226834,51.65060862799448,0.0],[3.1049310785825774,51.64900479073059,0.0]]]}},{"id":"236","type":"Feature","properties":{},"geometry":{"type":"Polygon","coordinates":[[[1.4348786279797308,53.21747464949712,0.0],[1.4281006782139718,53.21392211468019,0.0],[1.4271880062031972,53.213755828819686,0.0],[1.424271571262998,53.21497196955022,0.0],[1.4228910610413457,53.21734251074912,0.0],[1.4259420747473723,53.21905747982237,0.0],[1.4287520342657956,53.217983766215376,0.0],[1.4307919416210912,53.220899763423226,0.0],[1.4290158879687607,53.22254580068378,0.0],[1.4350139138817806,53.22019056048955,0.0],[1.4363883765219647,53.22093444682986,0.0],[1.4347318803950107,53.2224466894112,0.0],[1.4412753108763048,53.22269577651221,0.0],[1.4419508542205568,53.22032812690157,0.0],[1.4390557297528612,53.220423091970424,0.0],[1.438505108718033,53.21849174702062,0.0],[1.4428989049373901,53.216428748213424,0.0],[1.438144606150803,53.21516434701639,0.0],[1.437193229652814,53.21852120953203,0.0],[1.4334375622247313,53.21935845808809,0.0],[1.4348786279797308,53.21747464949712,0.0]]]}},{"id":"237","type":"Feature","properties":{},"geometry":{"type":"Polygon","coordinates":[[[1.4183393290630748,53.23233566159436,0.0],[1.4221096399820852,53.23075767972226,0.0],[1.42268852778027,53.23022938594415,0.0],[1.4191298995469999,53.231047410829,0.0],[1.4183393290630748,53.23233566159436,0.0]]]}},{"id":"238","type":"Feature","properties":{},"geometry":{"type":"Polygon","coordinates":[[[1.4228976987825577,53.23138507773896,0.0],[1.4238138816078962,53.232553362272945,0.0],[1.4242769139361409,53.23168004950064,0.0],[1.4228976987825577,53.23138507773896,0.0]]]}},{"id":"239","type":"Feature","properties":{},"geometry":{"type":"Polygon","coordinates":[[[1.4081702091243073,53.220661924715536,0.0],[1.4098434205878259,53.22009192376534,0.0],[1.4101015619474244,53.21953607867761,0.0],[1.4086616366489833,53.219639343615974,0.0],[1.4081702091243073,53.220661924715536,0.0]]]}},{"id":"240","type":"Feature","properties":{},"geometry":{"type":"Polygon","coordinates":[[[1.4153040740963585,53.22432790741672,0.0],[1.4170539066009702,53.22463891011019,0.0],[1.4174503083348169,53.22408034990908,0.0],[1.4153040740963585,53.22432790741672,0.0]]]}},{"id":"241","type":"Feature","properties":{},"geometry":{"type":"Polygon","coordinates":[[[1.417881523639835,53.22248921888551,0.0],[1.4194472489359289,53.22284245946214,0.0],[1.419692546906462,53.22239789300952,0.0],[1.417881523639835,53.22248921888551,0.0]]]}},{"id":"242","type":"Feature","properties":{},"geometry":{"type":"Polygon","coordinates":[[[1.4344833938118633,53.22470001739968,0.0],[1.4359187931177813,53.224249661126365,0.0],[1.4352783264160616,53.223245163977246,0.0],[1.4344833938118633,53.22470001739968,0.0]]]}},{"id":"243","type":"Feature","properties":{},"geometry":{"type":"Polygon","coordinates":[[[1.4104807553275491,53.25495083920382,0.0],[1.4115119050539604,53.255995452065484,0.0],[1.4132219768735863,53.25519582450658,0.0],[1.4130456842038241,53.25438230707369,0.0],[1.4104807553275491,53.25495083920382,0.0]]]}},{"id":"244","type":"Feature","properties":{},"geometry":{"type":"Polygon","coordinates":[[[1.4116910127395161,53.25225997242897,0.0],[1.4151626798889365,53.25400218703866,0.0],[1.4165451160660865,53.25355524357085,0.0],[1.4148597970941086,53.25116565121456,0.0],[1.4116910127395161,53.25225997242897,0.0]]]}},{"id":"245","type":"Feature","properties":{},"geometry":{"type":"Polygon","coordinates":[[[1.4203290453673063,53.24929469036626,0.0],[1.4205316853560293,53.251097504132254,0.0],[1.4225393993353945,53.25060736201561,0.0],[1.4203290453673063,53.24929469036626,0.0]]]}},{"id":"246","type":"Feature","properties":{},"geometry":{"type":"Polygon","coordinates":[[[1.3071140861415103,53.28435461301932,0.0],[1.3102434810764372,53.28391134741306,0.0],[1.309588836722916,53.28628419287791,0.0],[1.3149942556778007,53.28463839268653,0.0],[1.3169216704951592,53.2808183089694,0.0],[1.3132037724925987,53.279950052704834,0.0],[1.3152720495468881,53.27674672827439,0.0],[1.309831009682564,53.27930527899539,0.0],[1.3071140861415103,53.28435461301932,0.0]]]}},{"id":"247","type":"Feature","properties":{},"geometry":{"type":"Polygon","coordinates":[[[2.7710192761733987,53.01678471970718,0.0],[2.777687978651579,53.02667394153996,0.0],[2.7841739725560974,53.031285002519276,0.0],[2.7886223180853333,53.032379730388776,0.0],[2.791530257242656,53.02309429205253,0.0],[2.783961899225481,53.019493826795696,0.0],[2.795800842500922,53.01429411339767,0.0],[2.79293001026762,53.01184042520907,0.0],[2.7916153953411107,53.00786938168582,0.0],[2.7894591516449414,53.00691734592286,0.0],[2.7710192761733987,53.01678471970718,0.0]]]}},{"id":"248","type":"Feature","properties":{},"geometry":{"type":"Polygon","coordinates":[[[2.7723862551103684,53.00098337474004,0.0],[2.7838554959314523,53.00307172188372,0.0],[2.7858052105144306,53.00227084465728,0.0],[2.778597751745579,52.99624324869265,0.0],[2.7769402840922504,52.988906379758106,0.0],[2.766033700549699,52.997803144068534,0.0],[2.7723862551103684,53.00098337474004,0.0]]]}},{"id":"249","type":"Feature","properties":{},"geometry":{"type":"Polygon","coordinates":[[[2.7769037165225785,52.98800779035192,0.0],[2.7842469519695716,52.986547483154794,0.0],[2.7814928921137883,52.983603614683034,0.0],[2.7734620379874046,52.982155566902925,0.0],[2.786060807717808,52.97854930193775,0.0],[2.784859424961764,52.9758000705721,0.0],[2.7871565416590642,52.971695150034684,0.0],[2.774169524124408,52.97512499883939,0.0],[2.770737836745104,52.978208212390115,0.0],[2.7702259983674353,52.98374219116732,0.0],[2.7769037165225785,52.98800779035192,0.0]]]}},{"id":"250","type":"Feature","properties":{},"geometry":{"type":"Polygon","coordinates":[[[2.7743421927990126,53.03513427515432,0.0],[2.787511028440264,53.03793219786943,0.0],[2.7941489373759625,53.037203394801,0.0],[2.7947609644658233,53.03487648600557,0.0],[2.7746542544418453,53.03291166623592,0.0],[2.7743421927990126,53.03513427515432,0.0]]]}},{"id":"251","type":"Feature","properties":{},"geometry":{"type":"Polygon","coordinates":[[[2.844780767306898,53.04063633458457,0.0],[2.8520606957314536,53.04411890773409,0.0],[2.853556335892599,53.042719719617025,0.0],[2.849441766595515,53.039759794061695,0.0],[2.845519693627535,53.03914747111659,0.0],[2.844780767306898,53.04063633458457,0.0]]]}},{"id":"252","type":"Feature","properties":{},"geometry":{"type":"Polygon","coordinates":[[[2.855784161805046,53.003747157959495,0.0],[2.8672599929000153,53.00907171430817,0.0],[2.871332209653908,53.0049121150635,0.0],[2.869377336085847,53.00205639249794,0.0],[2.8643590218686135,53.0009640298732,0.0],[2.861919319709511,52.995284220880905,0.0],[2.8589364044497634,52.99395069891532,0.0],[2.856513840912149,52.994975947378556,0.0],[2.855593518291758,52.99736318793968,0.0],[2.855784161805046,53.003747157959495,0.0]]]}},{"id":"253","type":"Feature","properties":{},"geometry":{"type":"Polygon","coordinates":[[[2.8635197924978817,53.018801993643635,0.0],[2.8652097306975732,53.01796222878452,0.0],[2.8651635358335286,53.01577803844577,0.0],[2.8631600425898984,53.01709688751807,0.0],[2.8635197924978817,53.018801993643635,0.0]]]}},{"id":"254","type":"Feature","properties":{},"geometry":{"type":"Polygon","coordinates":[[[2.869670215152335,53.029910690875056,0.0],[2.874438058286845,53.02716878294229,0.0],[2.879336090063959,53.02715964656454,0.0],[2.872840011838049,53.02173871082282,0.0],[2.8720620124280747,53.0259037149936,0.0],[2.8687658808098737,53.02896501460558,0.0],[2.869670215152335,53.029910690875056,0.0]]]}},{"id":"255","type":"Feature","properties":{},"geometry":{"type":"Polygon","coordinates":[[[2.8432111320041784,53.0485663911384,0.0],[2.8446562074474966,53.04906015912778,0.0],[2.8445799218333176,53.048149118806485,0.0],[2.8432111320041784,53.0485663911384,0.0]]]}},{"id":"256","type":"Feature","properties":{},"geometry":{"type":"Polygon","coordinates":[[[2.849936442923124,53.0457783154548,0.0],[2.8511262675072944,53.04680262116269,0.0],[2.851669776474629,53.045556749190496,0.0],[2.849936442923124,53.0457783154548,0.0]]]}},{"id":"257","type":"Feature","properties":{},"geometry":{"type":"Polygon","coordinates":[[[2.871344858335902,53.049161264553355,0.0],[2.8791934895545457,53.05184016285122,0.0],[2.881493655283952,53.05128135131766,0.0],[2.8862053945347537,53.045838066455524,0.0],[2.885637501089372,53.03885896628445,0.0],[2.8801072958472456,53.03900800874543,0.0],[2.87819611149129,53.04394077736155,0.0],[2.8762523301088203,53.0436404515443,0.0],[2.875155647871388,53.03977535149956,0.0],[2.869433690710147,53.04190716970289,0.0],[2.8684560190754693,53.0436800310878,0.0],[2.8715697130481748,53.04687616554974,0.0],[2.871344858335902,53.049161264553355,0.0]]]}},{"id":"258","type":"Feature","properties":{},"geometry":{"type":"Polygon","coordinates":[[[2.760225842435237,53.06220052475708,0.0],[2.7622150783829995,53.060675628928976,0.0],[2.760758926113943,53.057492409621766,0.0],[2.758834425845787,53.0601094760139,0.0],[2.760225842435237,53.06220052475708,0.0]]]}},{"id":"259","type":"Feature","properties":{},"geometry":{"type":"Polygon","coordinates":[[[2.776763202153561,53.07001030631493,0.0],[2.779038137031006,53.06906987521005,0.0],[2.781544806851674,53.06717449478576,0.0],[2.777269655003978,53.067848442132636,0.0],[2.776763202153561,53.07001030631493,0.0]]]}},{"id":"260","type":"Feature","properties":{},"geometry":{"type":"Polygon","coordinates":[[[2.788901338126554,53.07415742518422,0.0],[2.790777621824225,53.073942326645515,0.0],[2.789389132112774,53.07328819309117,0.0],[2.788901338126554,53.07415742518422,0.0]]]}},{"id":"261","type":"Feature","properties":{},"geometry":{"type":"Polygon","coordinates":[[[2.8242926045795893,53.08634122182168,0.0],[2.826920971044085,53.08915245705104,0.0],[2.8229495858456266,53.0916343728416,0.0],[2.8296366723266018,53.0953304843665,0.0],[2.854242654758586,53.092546898835735,0.0],[2.8533372545812496,53.090761208461394,0.0],[2.8565768224715815,53.08960917527101,0.0],[2.852172337637304,53.088985842795545,0.0],[2.838945023350311,53.08155157267823,0.0],[2.8508079377151243,53.08266264292683,0.0],[2.8555307662181817,53.084896975431874,0.0],[2.8564903901331795,53.078351120574055,0.0],[2.8544385401576085,53.07295758980503,0.0],[2.849659705515285,53.06941799384793,0.0],[2.849674772228281,53.065937627130786,0.0],[2.841190923037475,53.0658591305834,0.0],[2.8373376722959383,53.06829019652965,0.0],[2.8327181338351273,53.07738961216178,0.0],[2.824341385371689,53.081603718894726,0.0],[2.8242926045795893,53.08634122182168,0.0]]]}},{"id":"262","type":"Feature","properties":{},"geometry":{"type":"Polygon","coordinates":[[[2.7931369579018805,53.10335208020452,0.0],[2.7959173707037244,53.10312958994612,0.0],[2.797526795266722,53.095915898071645,0.0],[2.801112731706456,53.09426521541351,0.0],[2.797914922581408,53.093668521106146,0.0],[2.800495598617632,53.09057072482725,0.0],[2.7993017974880496,53.08723039818556,0.0],[2.7960825402475544,53.088791095824725,0.0],[2.795472194886004,53.096214254547334,0.0],[2.79218111901181,53.100878643461726,0.0],[2.7931369579018805,53.10335208020452,0.0]]]}},{"id":"263","type":"Feature","properties":{},"geometry":{"type":"Polygon","coordinates":[[[2.8306758324817873,53.106401665405286,0.0],[2.83352810606637,53.10743736723958,0.0],[2.840438291014653,53.101993666728376,0.0],[2.8369750440950763,53.10185757272065,0.0],[2.8306758324817873,53.106401665405286,0.0]]]}},{"id":"264","type":"Feature","properties":{},"geometry":{"type":"Polygon","coordinates":[[[2.900963689561476,53.06812576388576,0.0],[2.9063353057042267,53.068023570703744,0.0],[2.9063245098496124,53.064846823540684,0.0],[2.9019053396118784,53.06629401504528,0.0],[2.900963689561476,53.06812576388576,0.0]]]}},{"id":"265","type":"Feature","properties":{},"geometry":{"type":"Polygon","coordinates":[[[2.906702619319474,53.07266910397946,0.0],[2.9087701283748952,53.076527535677336,0.0],[2.916478602628523,53.077687402015634,0.0],[2.922806647997693,53.07599765401502,0.0],[2.9299505122737455,53.0709324384927,0.0],[2.9224981405731993,53.067175753061576,0.0],[2.920826861095143,53.06222043120919,0.0],[2.9184840198545823,53.069731862819744,0.0],[2.915553600547843,53.06969252962741,0.0],[2.915127131792717,53.064675856756274,0.0],[2.9122569608346827,53.064171249995574,0.0],[2.9073817766117336,53.06944140287557,0.0],[2.906702619319474,53.07266910397946,0.0]]]}},{"id":"266","type":"Feature","properties":{},"geometry":{"type":"Polygon","coordinates":[[[2.895473385889875,53.083143521810975,0.0],[2.8957026006978377,53.08592091938128,0.0],[2.8894080287166046,53.090828599119796,0.0],[2.8814875032223113,53.094331533231404,0.0],[2.8790660790976133,53.09944310701845,0.0],[2.8916128797294527,53.10080472157143,0.0],[2.895881553954448,53.09487060061722,0.0],[2.9032164643367424,53.09159529987361,0.0],[2.9050102154545825,53.088759177464425,0.0],[2.909524373632187,53.08947652560746,0.0],[2.911107158065892,53.08715510296129,0.0],[2.9101353766412315,53.08501287853912,0.0],[2.9073405641000933,53.0845206421425,0.0],[2.894097416065029,53.09104062053843,0.0],[2.89377008721775,53.08980976921433,0.0],[2.901206158212562,53.084554773782635,0.0],[2.9029566712254034,53.08120368955654,0.0],[2.8974066036155577,53.08124875444511,0.0],[2.895473385889875,53.083143521810975,0.0]]]}},{"id":"267","type":"Feature","properties":{},"geometry":{"type":"Polygon","coordinates":[[[2.9091562282320327,53.10042164617176,0.0],[2.914174543694083,53.098997710232545,0.0],[2.9149815403998582,53.09669165917322,0.0],[2.91383122270967,53.09659494438412,0.0],[2.9091562282320327,53.10042164617176,0.0]]]}},{"id":"268","type":"Feature","properties":{},"geometry":{"type":"Polygon","coordinates":[[[2.9151648183395777,53.093500861287474,0.0],[2.9169718153323108,53.09414316240492,0.0],[2.9167353901112048,53.092841410555536,0.0],[2.9151648183395777,53.093500861287474,0.0]]]}},{"id":"269","type":"Feature","properties":{},"geometry":{"type":"Polygon","coordinates":[[[2.8598067745333133,53.07048514978981,0.0],[2.8629245156231966,53.0718844864726,0.0],[2.8632632310499226,53.06826953871269,0.0],[2.859317629339386,53.06859522109976,0.0],[2.8598067745333133,53.07048514978981,0.0]]]}},{"id":"270","type":"Feature","properties":{},"geometry":{"type":"Polygon","coordinates":[[[2.8594279787933568,53.08269089313305,0.0],[2.8620292982192406,53.08169421664389,0.0],[2.858766950827251,53.08192300711662,0.0],[2.8594279787933568,53.08269089313305,0.0]]]}},{"id":"271","type":"Feature","properties":{},"geometry":{"type":"Polygon","coordinates":[[[2.8623572969641327,53.0768646835526,0.0],[2.8640006367848843,53.077505826189814,0.0],[2.863694219120857,53.07649332441016,0.0],[2.8623572969641327,53.0768646835526,0.0]]]}},{"id":"272","type":"Feature","properties":{},"geometry":{"type":"Polygon","coordinates":[[[2.9122146717081545,53.082070317808416,0.0],[2.9133723360323516,53.08125079186511,0.0],[2.9136910542013457,53.079661770089004,0.0],[2.9120359007657934,53.08007429690153,0.0],[2.9122146717081545,53.082070317808416,0.0]]]}},{"id":"273","type":"Feature","properties":{},"geometry":{"type":"Polygon","coordinates":[[[2.8578298194404184,53.14793149046324,0.0],[2.859646340658494,53.14518488751922,0.0],[2.8596534720381435,53.142997253384294,0.0],[2.8581805370560063,53.14457409155465,0.0],[2.8578298194404184,53.14793149046324,0.0]]]}},{"id":"274","type":"Feature","properties":{},"geometry":{"type":"Polygon","coordinates":[[[2.889967602803305,53.142027633684705,0.0],[2.8948857506554257,53.14033452215613,0.0],[2.8917775256491938,53.13864128633395,0.0],[2.8921637593377336,53.14005863308586,0.0],[2.889967602803305,53.142027633684705,0.0]]]}},{"id":"275","type":"Feature","properties":{},"geometry":{"type":"Polygon","coordinates":[[[2.8987584651661584,53.14103394562988,0.0],[2.902902294812284,53.14204243336628,0.0],[2.9043035106186483,53.141398994342566,0.0],[2.9016445289968953,53.13933880998264,0.0],[2.8987584651661584,53.14103394562988,0.0]]]}},{"id":"276","type":"Feature","properties":{},"geometry":{"type":"Polygon","coordinates":[[[2.8081715915786893,53.13475197034001,0.0],[2.8171984650468676,53.13877034390121,0.0],[2.8183238922410085,53.138683281809996,0.0],[2.812543838374459,53.13489210985074,0.0],[2.8081715915786893,53.13475197034001,0.0]]]}},{"id":"277","type":"Feature","properties":{},"geometry":{"type":"Polygon","coordinates":[[[2.8080813292820483,53.13181661195611,0.0],[2.8080904430819147,53.12977103273259,0.0],[2.806318618378256,53.128557143613605,0.0],[2.806681781269229,53.13052164643396,0.0],[2.8080813292820483,53.13181661195611,0.0]]]}},{"id":"278","type":"Feature","properties":{},"geometry":{"type":"Polygon","coordinates":[[[2.8333933148005976,53.14612412969284,0.0],[2.8346373580696405,53.14518475099886,0.0],[2.83189027186313,53.14076655245393,0.0],[2.831517812096119,53.134824579327976,0.0],[2.8352276504652254,53.13602303203269,0.0],[2.8374692027951034,53.140602055615545,0.0],[2.839716441519322,53.13981492134097,0.0],[2.8416292543650448,53.135996203889285,0.0],[2.8379064315862883,53.131924870517075,0.0],[2.8292986373503983,53.12706876275078,0.0],[2.827065408024649,53.11933595774375,0.0],[2.830471613004167,53.11556395832498,0.0],[2.833542301864584,53.11522380662274,0.0],[2.8351948836296517,53.119892625271675,0.0],[2.840919899185471,53.1169989312971,0.0],[2.839729035280881,53.119767413782235,0.0],[2.843406683421898,53.12140771909723,0.0],[2.840535268807915,53.12523052116988,0.0],[2.8418073347392405,53.127707529230385,0.0],[2.848001633379173,53.124167769606785,0.0],[2.849715606827959,53.12701815142953,0.0],[2.85486318487748,53.127283787612726,0.0],[2.8617996912822474,53.13035155149866,0.0],[2.880966319446043,53.12925534602138,0.0],[2.8822573347940508,53.12785383598168,0.0],[2.8762403788327155,53.12595485013907,0.0],[2.8792703568210554,53.123422276514,0.0],[2.87632785714715,53.11810461482189,0.0],[2.8840584758905776,53.12115237632331,0.0],[2.8985896726296567,53.11991377784667,0.0],[2.905685135446439,53.117319998616466,0.0],[2.9088344426291712,53.11447246687811,0.0],[2.91071117515946,53.103200010681256,0.0],[2.893660346457508,53.10082432514423,0.0],[2.8747704245562287,53.10558612521013,0.0],[2.8687993759359807,53.1130003200825,0.0],[2.8567571007464476,53.11170616540674,0.0],[2.847322289890354,53.115117976658155,0.0],[2.831802627794682,53.1117907214256,0.0],[2.8140550808139486,53.11791177712812,0.0],[2.808954169132289,53.12274068726597,0.0],[2.810580450514164,53.12747905288821,0.0],[2.813609999034381,53.12937494322397,0.0],[2.817904857401064,53.12395152813837,0.0],[2.820753491143763,53.124648369927456,0.0],[2.8163008433752137,53.131140608381045,0.0],[2.816691834045153,53.132922226521984,0.0],[2.818613858267685,53.13504001400554,0.0],[2.8217040213580766,53.13534654768902,0.0],[2.8227111419592177,53.1345667488266,0.0],[2.8216228218325528,53.131425706973054,0.0],[2.825578516036283,53.13155764069892,0.0],[2.8279811802600094,53.14057985021261,0.0],[2.8333933148005976,53.14612412969284,0.0]]]}},{"id":"279","type":"Feature","properties":{},"geometry":{"type":"Polygon","coordinates":[[[2.843043183609181,53.11099280329031,0.0],[2.8433913677560834,53.11262690022608,0.0],[2.845656501614843,53.11299742685865,0.0],[2.8643931728741734,53.10835549498133,0.0],[2.875060668700987,53.09706663886547,0.0],[2.866896317655884,53.09852451591747,0.0],[2.8593253078239407,53.10332617229393,0.0],[2.8558895888995393,53.09931786647196,0.0],[2.851834773696557,53.09967513088234,0.0],[2.854483565991277,53.10332567943284,0.0],[2.8545446910668124,53.106197054216096,0.0],[2.843043183609181,53.11099280329031,0.0]]]}},{"id":"280","type":"Feature","properties":{},"geometry":{"type":"Polygon","coordinates":[[[2.8511657241562656,53.131961713751885,0.0],[2.855155860507032,53.13242831283365,0.0],[2.8551089401528547,53.13057798911545,0.0],[2.8511657241562656,53.131961713751885,0.0]]]}},{"id":"281","type":"Feature","properties":{},"geometry":{"type":"Polygon","coordinates":[[[2.8576247318056494,53.134926130576126,0.0],[2.8589140159357354,53.13523841021549,0.0],[2.858688200627096,53.13386908797154,0.0],[2.8576247318056494,53.134926130576126,0.0]]]}},{"id":"282","type":"Feature","properties":{},"geometry":{"type":"Polygon","coordinates":[[[2.890671031633394,53.13016670111151,0.0],[2.895506043400086,53.13053328236051,0.0],[2.8964223787377743,53.13007240423687,0.0],[2.890671031633394,53.13016670111151,0.0]]]}},{"id":"283","type":"Feature","properties":{},"geometry":{"type":"Polygon","coordinates":[[[2.987313085486058,53.211544315857594,0.0],[2.990115241150411,53.210686349255965,0.0],[2.9921860546725934,53.205615129825524,0.0],[2.98989739806702,53.202389699849014,0.0],[2.9829658143126214,53.19957440979048,0.0],[2.988571092025632,53.19577039521562,0.0],[2.9857068051440914,53.190951122095015,0.0],[2.989987518523818,53.18466395222595,0.0],[2.986038079679773,53.18267171316948,0.0],[3.0028957028621956,53.18068065370488,0.0],[3.0049468567296653,53.17978563376573,0.0],[3.0043355426774663,53.17828259614587,0.0],[2.9977734395432623,53.17780305133891,0.0],[2.9842850175879465,53.18177424794995,0.0],[2.984352862067623,53.18428700676616,0.0],[2.987106820095468,53.18555862701402,0.0],[2.983099149747723,53.19092094905888,0.0],[2.985690081147821,53.19527900886179,0.0],[2.9804916429394996,53.198988871095054,0.0],[2.9893885352030436,53.204684396418294,0.0],[2.987313085486058,53.211544315857594,0.0]]]}},{"id":"284","type":"Feature","properties":{},"geometry":{"type":"Polygon","coordinates":[[[3.029871101329117,53.2021695311725,0.0],[3.0331768070285454,53.20449781877423,0.0],[3.0343320849057225,53.20341437391479,0.0],[3.029871101329117,53.2021695311725,0.0]]]}},{"id":"285","type":"Feature","properties":{},"geometry":{"type":"Polygon","coordinates":[[[3.0335765813978446,53.200092950733264,0.0],[3.0407976153349128,53.20229020735103,0.0],[3.041676446582139,53.20210976602899,0.0],[3.0385840229403493,53.19715531112354,0.0],[3.034254532247444,53.19722203454791,0.0],[3.0335765813978446,53.200092950733264,0.0]]]}},{"id":"286","type":"Feature","properties":{},"geometry":{"type":"Polygon","coordinates":[[[3.042793057293537,53.19509778342158,0.0],[3.043995692205775,53.19410142636322,0.0],[3.0431722836197395,53.192224626143414,0.0],[3.041966143487129,53.193510114304054,0.0],[3.042793057293537,53.19509778342158,0.0]]]}},{"id":"287","type":"Feature","properties":{},"geometry":{"type":"Polygon","coordinates":[[[3.0372597038883575,53.18586558432032,0.0],[3.045934385066498,53.18292298304169,0.0],[3.0528838439690986,53.1773599214986,0.0],[3.0536654363693785,53.174695365232516,0.0],[3.0341705603589744,53.185329539323824,0.0],[3.0372597038883575,53.18586558432032,0.0]]]}},{"id":"288","type":"Feature","properties":{},"geometry":{"type":"Polygon","coordinates":[[[3.0506165806590912,53.21274012698823,0.0],[3.0579756309479103,53.21300640597895,0.0],[3.058860284200841,53.21138818222186,0.0],[3.0511999314956486,53.20825710644725,0.0],[3.052269200250722,53.210597275813065,0.0],[3.0506165806590912,53.21274012698823,0.0]]]}},{"id":"289","type":"Feature","properties":{},"geometry":{"type":"Polygon","coordinates":[[[3.0445540592327873,53.213005295032865,0.0],[3.0448278482209514,53.21161917086509,0.0],[3.0410592124462763,53.21208406584543,0.0],[3.0416562181672138,53.212779164135675,0.0],[3.0445540592327873,53.213005295032865,0.0]]]}},{"id":"290","type":"Feature","properties":{},"geometry":{"type":"Polygon","coordinates":[[[3.0610006413838207,53.20849573518191,0.0],[3.0651318116068835,53.210517508687786,0.0],[3.0625483915955787,53.20567240294717,0.0],[3.0661393092402154,53.20448637793818,0.0],[3.068015287926038,53.20169032695272,0.0],[3.0736136335065525,53.181341782294425,0.0],[3.073503482046179,53.17723883603254,0.0],[3.0679987760229706,53.17193434269477,0.0],[3.0679161188695727,53.16916921125343,0.0],[3.070635042231578,53.16795829430873,0.0],[3.066386399682398,53.1652758738345,0.0],[3.0594812467406958,53.167064841836144,0.0],[3.063559194464983,53.168116028399616,0.0],[3.0609591404755574,53.17385886121027,0.0],[3.0671938915217694,53.174979936481606,0.0],[3.0697762213485857,53.17761512182984,0.0],[3.069034063162043,53.18402938059285,0.0],[3.0607268346854357,53.18785465971,0.0],[3.057583194563811,53.191167539735574,0.0],[3.0581419717343485,53.1932772868716,0.0],[3.063496886150013,53.19574943573712,0.0],[3.058805317560895,53.197764333687445,0.0],[3.059351372356539,53.196091194808695,0.0],[3.054668494667686,53.19460644099967,0.0],[3.0519810496499535,53.190435796690885,0.0],[3.0511428651433588,53.19885098744609,0.0],[3.0463759901088805,53.199218949452856,0.0],[3.045031587417697,53.201770071001924,0.0],[3.0460977455900276,53.205237017002375,0.0],[3.0542586202098247,53.19985241202566,0.0],[3.063711136853663,53.20108230449775,0.0],[3.064118739245376,53.20276183688549,0.0],[3.062603067316719,53.203850350124554,0.0],[3.0556452390193822,53.20233697821311,0.0],[3.0610006413838207,53.20849573518191,0.0]]]}},{"id":"291","type":"Feature","properties":{},"geometry":{"type":"Polygon","coordinates":[[[3.044764571380287,53.22425859724663,0.0],[3.0525886505625572,53.224865800977966,0.0],[3.059368040095035,53.227510738246814,0.0],[3.0545624475348547,53.23145538277418,0.0],[3.0605057375667974,53.2289053629762,0.0],[3.0625071062892086,53.22195129022709,0.0],[3.0575045175492894,53.2237391115162,0.0],[3.0464751337169016,53.2219815670058,0.0],[3.044764571380287,53.22425859724663,0.0]]]}},{"id":"292","type":"Feature","properties":{},"geometry":{"type":"Polygon","coordinates":[[[3.044755711786184,53.21942818573527,0.0],[3.05029609187142,53.219795428816795,0.0],[3.0488481502808145,53.21740032750552,0.0],[3.0498793822344035,53.21653249024938,0.0],[3.056661958543504,53.21692185854876,0.0],[3.0594745725875296,53.21884118188114,0.0],[3.063870380385302,53.21565381390035,0.0],[3.0462265928716623,53.21486798445343,0.0],[3.044755711786184,53.21942818573527,0.0]]]}},{"id":"293","type":"Feature","properties":{},"geometry":{"type":"Polygon","coordinates":[[[2.992908060620046,53.173084851614185,0.0],[3.003601945536811,53.17556334053127,0.0],[3.0155560625297904,53.17397211624418,0.0],[3.0175486740344306,53.17143154807618,0.0],[3.016195982772894,53.16942153547032,0.0],[3.0047398502714566,53.17308037891163,0.0],[3.0174921822528784,53.163991961653394,0.0],[3.0331431685603283,53.15840549066159,0.0],[3.028323050865577,53.15541436869187,0.0],[3.0174548602441034,53.15670381714211,0.0],[3.012754885388854,53.15546983272293,0.0],[3.003543232286954,53.158297605881266,0.0],[2.9903980883418555,53.15945841916381,0.0],[2.984685234672424,53.16278521964938,0.0],[2.983393574696459,53.165607596530315,0.0],[2.992908060620046,53.173084851614185,0.0]]]}},{"id":"294","type":"Feature","properties":{},"geometry":{"type":"Polygon","coordinates":[[[3.0770777820145243,53.16188007981289,0.0],[3.079744387714008,53.160639155249164,0.0],[3.0806005383405015,53.157044986810156,0.0],[3.0751503449129984,53.1601189374175,0.0],[3.0770777820145243,53.16188007981289,0.0]]]}},{"id":"295","type":"Feature","properties":{},"geometry":{"type":"Polygon","coordinates":[[[3.003461697824549,53.15584261545745,0.0],[3.0081341099302317,53.153835022057315,0.0],[3.0145503415855144,53.153562182663805,0.0],[3.002927928646977,53.14905981634803,0.0],[2.9988398055476955,53.15183428800093,0.0],[3.003461697824549,53.15584261545745,0.0]]]}},{"id":"296","type":"Feature","properties":{},"geometry":{"type":"Polygon","coordinates":[[[3.012221338085176,53.14934926324415,0.0],[3.0154329843382066,53.14819637109634,0.0],[3.0164602234029876,53.14531875064155,0.0],[3.0154562708259696,53.142334544648484,0.0],[3.012147072302102,53.14111880260518,0.0],[3.007869757855128,53.14320794658551,0.0],[3.0118564419010334,53.145909550963246,0.0],[3.012221338085176,53.14934926324415,0.0]]]}},{"id":"297","type":"Feature","properties":{},"geometry":{"type":"Polygon","coordinates":[[[3.0210004784361333,53.15355104328191,0.0],[3.0224348558252934,53.15278752449083,0.0],[3.02184323752838,53.150398638639096,0.0],[3.02021243936074,53.15181095295731,0.0],[3.0210004784361333,53.15355104328191,0.0]]]}},{"id":"298","type":"Feature","properties":{},"geometry":{"type":"Polygon","coordinates":[[[3.0274461098907146,53.14979832203341,0.0],[3.0297422360251525,53.15017812751312,0.0],[3.034609938469015,53.143341836212294,0.0],[3.0288299236151928,53.146560509501285,0.0],[3.0274461098907146,53.14979832203341,0.0]]]}},{"id":"299","type":"Feature","properties":{},"geometry":{"type":"Polygon","coordinates":[[[3.014748514484162,53.139024635190054,0.0],[3.018124065400482,53.13725340800473,0.0],[3.0179049662363644,53.134332701526795,0.0],[3.0140958933886997,53.135801215908195,0.0],[3.013434565916704,53.13825771526097,0.0],[3.014748514484162,53.139024635190054,0.0]]]}},{"id":"300","type":"Feature","properties":{},"geometry":{"type":"Polygon","coordinates":[[[3.0244711016658794,53.138794056481444,0.0],[3.0269584115473838,53.13803662072954,0.0],[3.0287720575272656,53.13595758673936,0.0],[3.0263397846167535,53.13652804994241,0.0],[3.0244711016658794,53.138794056481444,0.0]]]}},{"id":"301","type":"Feature","properties":{},"geometry":{"type":"Polygon","coordinates":[[[3.0391459351400765,53.144933976367135,0.0],[3.0461835162439126,53.14641728923566,0.0],[3.050954321217493,53.14417239659071,0.0],[3.0391459351400765,53.144933976367135,0.0]]]}},{"id":"302","type":"Feature","properties":{},"geometry":{"type":"Polygon","coordinates":[[[3.0436187758064825,53.13967994869979,0.0],[3.045219876882026,53.1393977998612,0.0],[3.049725067856796,53.13945042149693,0.0],[3.0459343947203736,53.13791523960503,0.0],[3.0436187758064825,53.13967994869979,0.0]]]}},{"id":"303","type":"Feature","properties":{},"geometry":{"type":"Polygon","coordinates":[[[3.034196960778865,53.136791798633745,0.0],[3.0397546425841524,53.13720293669287,0.0],[3.0511921640352844,53.13570681792607,0.0],[3.0498053903227342,53.134055950515254,0.0],[3.0462409387796576,53.13392962492998,0.0],[3.036426173924212,53.134927927139486,0.0],[3.034196960778865,53.136791798633745,0.0]]]}},{"id":"304","type":"Feature","properties":{},"geometry":{"type":"Polygon","coordinates":[[[3.0298272379150037,53.133083113684755,0.0],[3.0310955794590853,53.13255044312018,0.0],[3.0316550507925455,53.1310242365728,0.0],[3.029690315025337,53.13134415041448,0.0],[3.0298272379150037,53.133083113684755,0.0]]]}},{"id":"305","type":"Feature","properties":{},"geometry":{"type":"Polygon","coordinates":[[[3.0252325966531592,53.12689831115331,0.0],[3.028926495788239,53.12745111157732,0.0],[3.0301827902735816,53.12678714096304,0.0],[3.0271594602694716,53.126047315545115,0.0],[3.0252325966531592,53.12689831115331,0.0]]]}},{"id":"306","type":"Feature","properties":{},"geometry":{"type":"Polygon","coordinates":[[[3.048966480941246,53.12284626323699,0.0],[3.057067566721013,53.13537764175309,0.0],[3.0594742284096754,53.13315953857822,0.0],[3.065737767795492,53.13222759718727,0.0],[3.067694243975772,53.13055138460206,0.0],[3.0639318218428677,53.13072736387146,0.0],[3.0646668781716944,53.1290388372027,0.0],[3.0600843608394435,53.1263641255762,0.0],[3.0525500901568514,53.12652621005,0.0],[3.0527499157329725,53.12428316707031,0.0],[3.048966480941246,53.12284626323699,0.0]]]}},{"id":"307","type":"Feature","properties":{},"geometry":{"type":"Polygon","coordinates":[[[3.0629476143756498,53.1463622890502,0.0],[3.0658635200540547,53.14886036706276,0.0],[3.076625561681362,53.14802465438452,0.0],[3.0827527577450216,53.14995592376605,0.0],[3.083281015920526,53.14838218097812,0.0],[3.0802534341333203,53.14349851487611,0.0],[3.072966474641108,53.14271296538439,0.0],[3.0738974343394947,53.14521086491079,0.0],[3.0727071249700924,53.14641824630613,0.0],[3.064290776965497,53.141924178817646,0.0],[3.06678919143435,53.13925161245209,0.0],[3.0705294159182865,53.138287684879415,0.0],[3.080329059062303,53.13974128800389,0.0],[3.082619485155033,53.14203353873343,0.0],[3.085945875067808,53.14078313018159,0.0],[3.075839486985932,53.13742557042351,0.0],[3.0803432760971363,53.13681692575743,0.0],[3.0799753364581544,53.13571699183777,0.0],[3.0724586127126177,53.13437555882011,0.0],[3.0645945200190163,53.13718495576877,0.0],[3.063240555759801,53.134146578724405,0.0],[3.0577114719395255,53.13880327232288,0.0],[3.0619213033440356,53.140070506254375,0.0],[3.059728870295944,53.14373416211289,0.0],[3.066301729388402,53.144640403015906,0.0],[3.0629476143756498,53.1463622890502,0.0]]]}},{"id":"308","type":"Feature","properties":{},"geometry":{"type":"Polygon","coordinates":[[[3.087132170940914,53.12229446977483,0.0],[3.0850182960963584,53.12535521906637,0.0],[3.0805489325959874,53.126870191402546,0.0],[3.0807006146936975,53.12910002978071,0.0],[3.083973914259019,53.13035765319272,0.0],[3.0849216852610364,53.12722678291918,0.0],[3.0890711602813807,53.127048668328285,0.0],[3.0895661416502165,53.12390390112626,0.0],[3.087132170940914,53.12229446977483,0.0]]]}},{"id":"309","type":"Feature","properties":{},"geometry":{"type":"Polygon","coordinates":[[[3.0800107813919424,53.123029375249175,0.0],[3.0828628769874142,53.12333381990199,0.0],[3.0806764357370082,53.12144016545969,0.0],[3.0800107813919424,53.123029375249175,0.0]]]}},{"id":"310","type":"Feature","properties":{},"geometry":{"type":"Polygon","coordinates":[[[3.05881337492589,53.12168247283233,0.0],[3.063621662499943,53.12181959394268,0.0],[3.0684886888888516,53.116827024074794,0.0],[3.05881337492589,53.12168247283233,0.0]]]}},{"id":"311","type":"Feature","properties":{},"geometry":{"type":"Polygon","coordinates":[[[3.056787720193687,53.1185745478889,0.0],[3.0583295433512103,53.1187228598113,0.0],[3.057635818061925,53.11755203316839,0.0],[3.056787720193687,53.1185745478889,0.0]]]}},{"id":"312","type":"Feature","properties":{},"geometry":{"type":"Polygon","coordinates":[[[3.0610245047866016,53.113906720166284,0.0],[3.0630627593281723,53.11481656429733,0.0],[3.06265171096582,53.11338417404907,0.0],[3.0610245047866016,53.113906720166284,0.0]]]}},{"id":"313","type":"Feature","properties":{},"geometry":{"type":"Polygon","coordinates":[[[3.0488205383477656,53.10207480790259,0.0],[3.0504445799422024,53.10257643040672,0.0],[3.0501492982899614,53.10181622491045,0.0],[3.0488205383477656,53.10207480790259,0.0]]]}},{"id":"314","type":"Feature","properties":{},"geometry":{"type":"Polygon","coordinates":[[[2.9672979964076878,53.06961310525517,0.0],[2.976472274209709,53.06840080182521,0.0],[2.983185988543485,53.07742617483782,0.0],[3.007209198382538,53.07456815248203,0.0],[3.0082091206198274,53.0755761318866,0.0],[3.00601584684613,53.078961638734306,0.0],[3.00854706346592,53.08003489529847,0.0],[3.007364741662689,53.08218179660077,0.0],[3.016495196297079,53.08185748193873,0.0],[3.017532321272201,53.07503841750601,0.0],[3.0120706651797375,53.07428220348788,0.0],[3.010276363373751,53.072133826599234,0.0],[3.0190291584850018,53.068743928752376,0.0],[3.023318410165829,53.06263812371468,0.0],[3.0198909333717134,53.06095293452983,0.0],[3.0169853935856357,53.064337048709305,0.0],[3.0118285056048437,53.06615938049298,0.0],[3.0071069975734996,53.061036955151096,0.0],[3.015269306255655,53.056787252653166,0.0],[3.0126276859164345,53.05486091870728,0.0],[3.000299517095956,53.05797346155047,0.0],[2.9921278449131354,53.057283394513576,0.0],[2.9901284748637247,53.06038651624249,0.0],[2.9912927482898306,53.06407646968562,0.0],[2.982643744342509,53.06196825860299,0.0],[2.9672979964076878,53.06961310525517,0.0]]]}},{"id":"315","type":"Feature","properties":{},"geometry":{"type":"Polygon","coordinates":[[[2.9927649478366645,53.05497490318698,0.0],[2.9953864134955137,53.05024787344781,0.0],[2.995101311919874,53.04694159997071,0.0],[2.993782408834969,53.04765542964908,0.0],[2.9927649478366645,53.05497490318698,0.0]]]}},{"id":"316","type":"Feature","properties":{},"geometry":{"type":"Polygon","coordinates":[[[2.9997084953422513,53.054975122797444,0.0],[3.0005964028764622,53.05342176483024,0.0],[2.9990490170674913,53.052952142937635,0.0],[2.998669269532014,53.05425262421519,0.0],[2.9997084953422513,53.054975122797444,0.0]]]}},{"id":"317","type":"Feature","properties":{},"geometry":{"type":"Polygon","coordinates":[[[2.999266028775055,53.05083283510512,0.0],[3.001150197106123,53.05076230283201,0.0],[2.999994003823337,53.04942913853743,0.0],[2.999266028775055,53.05083283510512,0.0]]]}},{"id":"318","type":"Feature","properties":{},"geometry":{"type":"Polygon","coordinates":[[[2.9648653667744944,52.936169949729425,0.0],[2.9594661656698795,52.95302329013253,0.0],[2.9616409002059036,52.95503864573856,0.0],[2.969161355197479,52.94531081111598,0.0],[2.9737677378692,52.94175862801538,0.0],[2.974561992106522,52.93877558594833,0.0],[2.969223108919157,52.935759743576085,0.0],[2.9648653667744944,52.936169949729425,0.0]]]}},{"id":"319","type":"Feature","properties":{},"geometry":{"type":"Polygon","coordinates":[[[2.785605603626024,52.951932228683624,0.0],[2.7955064340978546,52.9630344781211,0.0],[2.8026476804444105,52.966032215435504,0.0],[2.7979949353888647,52.95739178950734,0.0],[2.787770527725862,52.95169012634557,0.0],[2.785605603626024,52.951932228683624,0.0]]]}},{"id":"320","type":"Feature","properties":{},"geometry":{"type":"Polygon","coordinates":[[[2.7776818774972245,52.96024434738368,0.0],[2.7788834366321127,52.95878296408306,0.0],[2.778652777154017,52.95559084829381,0.0],[2.777369850951791,52.95754405241955,0.0],[2.7776818774972245,52.96024434738368,0.0]]]}},{"id":"321","type":"Feature","properties":{},"geometry":{"type":"Polygon","coordinates":[[[2.7834026337537234,52.96487946744849,0.0],[2.784193482238419,52.96355872520877,0.0],[2.7838152891624497,52.96178693056933,0.0],[2.7830438936325743,52.96278638547597,0.0],[2.7834026337537234,52.96487946744849,0.0]]]}},{"id":"322","type":"Feature","properties":{},"geometry":{"type":"Polygon","coordinates":[[[2.7815857419069765,52.967674245334294,0.0],[2.7828884287976683,52.96789801982794,0.0],[2.7823230196707005,52.966900738693866,0.0],[2.7815857419069765,52.967674245334294,0.0]]]}},{"id":"323","type":"Feature","properties":{},"geometry":{"type":"Polygon","coordinates":[[[2.7763697070793047,53.00729291643172,0.0],[2.7775502435293506,53.00671399009466,0.0],[2.7770548543084277,53.00491429432077,0.0],[2.7755578749855983,53.005578713986175,0.0],[2.7763697070793047,53.00729291643172,0.0]]]}},{"id":"324","type":"Feature","properties":{},"geometry":{"type":"Polygon","coordinates":[[[3.0391459351400765,53.144933976367135,0.0],[3.0461835162439126,53.14641728923566,0.0],[3.050954321217493,53.14417239659071,0.0],[3.0391459351400765,53.144933976367135,0.0]]]}},{"id":"325","type":"Feature","properties":{},"geometry":{"type":"Polygon","coordinates":[[[3.0436187758064825,53.13967994869979,0.0],[3.045219876882026,53.1393977998612,0.0],[3.049725067856796,53.13945042149693,0.0],[3.0459343947203736,53.13791523960503,0.0],[3.0436187758064825,53.13967994869979,0.0]]]}},{"id":"326","type":"Feature","properties":{},"geometry":{"type":"Polygon","coordinates":[[[3.034196960778865,53.136791798633745,0.0],[3.0397546425841524,53.13720293669287,0.0],[3.0511921640352844,53.13570681792607,0.0],[3.0498053903227342,53.134055950515254,0.0],[3.0462409387796576,53.13392962492998,0.0],[3.036426173924212,53.134927927139486,0.0],[3.034196960778865,53.136791798633745,0.0]]]}},{"id":"327","type":"Feature","properties":{},"geometry":{"type":"Polygon","coordinates":[[[3.0298272379150037,53.133083113684755,0.0],[3.0310955794590853,53.13255044312018,0.0],[3.0316550507925455,53.1310242365728,0.0],[3.029690315025337,53.13134415041448,0.0],[3.0298272379150037,53.133083113684755,0.0]]]}},{"id":"328","type":"Feature","properties":{},"geometry":{"type":"Polygon","coordinates":[[[3.0252325966531592,53.12689831115331,0.0],[3.028926495788239,53.12745111157732,0.0],[3.0301827902735816,53.12678714096304,0.0],[3.0271594602694716,53.126047315545115,0.0],[3.0252325966531592,53.12689831115331,0.0]]]}},{"id":"329","type":"Feature","properties":{},"geometry":{"type":"Polygon","coordinates":[[[3.048966480941246,53.12284626323699,0.0],[3.057067566721013,53.13537764175309,0.0],[3.0594742284096754,53.13315953857822,0.0],[3.065737767795492,53.13222759718727,0.0],[3.067694243975772,53.13055138460206,0.0],[3.0639318218428677,53.13072736387146,0.0],[3.0646668781716944,53.1290388372027,0.0],[3.0600843608394435,53.1263641255762,0.0],[3.0525500901568514,53.12652621005,0.0],[3.0527499157329725,53.12428316707031,0.0],[3.048966480941246,53.12284626323699,0.0]]]}},{"id":"330","type":"Feature","properties":{},"geometry":{"type":"Polygon","coordinates":[[[3.0629476143756498,53.1463622890502,0.0],[3.0658635200540547,53.14886036706276,0.0],[3.076625561681362,53.14802465438452,0.0],[3.0827527577450216,53.14995592376605,0.0],[3.083281015920526,53.14838218097812,0.0],[3.0802534341333203,53.14349851487611,0.0],[3.072966474641108,53.14271296538439,0.0],[3.0738974343394947,53.14521086491079,0.0],[3.0727071249700924,53.14641824630613,0.0],[3.064290776965497,53.141924178817646,0.0],[3.06678919143435,53.13925161245209,0.0],[3.0705294159182865,53.138287684879415,0.0],[3.080329059062303,53.13974128800389,0.0],[3.082619485155033,53.14203353873343,0.0],[3.085945875067808,53.14078313018159,0.0],[3.075839486985932,53.13742557042351,0.0],[3.0803432760971363,53.13681692575743,0.0],[3.0799753364581544,53.13571699183777,0.0],[3.0724586127126177,53.13437555882011,0.0],[3.0645945200190163,53.13718495576877,0.0],[3.063240555759801,53.134146578724405,0.0],[3.0577114719395255,53.13880327232288,0.0],[3.0619213033440356,53.140070506254375,0.0],[3.059728870295944,53.14373416211289,0.0],[3.066301729388402,53.144640403015906,0.0],[3.0629476143756498,53.1463622890502,0.0]]]}},{"id":"331","type":"Feature","properties":{},"geometry":{"type":"Polygon","coordinates":[[[3.087132170940914,53.12229446977483,0.0],[3.0850182960963584,53.12535521906637,0.0],[3.0805489325959874,53.126870191402546,0.0],[3.0807006146936975,53.12910002978071,0.0],[3.083973914259019,53.13035765319272,0.0],[3.0849216852610364,53.12722678291918,0.0],[3.0890711602813807,53.127048668328285,0.0],[3.0895661416502165,53.12390390112626,0.0],[3.087132170940914,53.12229446977483,0.0]]]}},{"id":"332","type":"Feature","properties":{},"geometry":{"type":"Polygon","coordinates":[[[3.0800107813919424,53.123029375249175,0.0],[3.0828628769874142,53.12333381990199,0.0],[3.0806764357370082,53.12144016545969,0.0],[3.0800107813919424,53.123029375249175,0.0]]]}},{"id":"333","type":"Feature","properties":{},"geometry":{"type":"Polygon","coordinates":[[[3.05881337492589,53.12168247283233,0.0],[3.063621662499943,53.12181959394268,0.0],[3.0684886888888516,53.116827024074794,0.0],[3.05881337492589,53.12168247283233,0.0]]]}},{"id":"334","type":"Feature","properties":{},"geometry":{"type":"Polygon","coordinates":[[[3.056787720193687,53.1185745478889,0.0],[3.0583295433512103,53.1187228598113,0.0],[3.057635818061925,53.11755203316839,0.0],[3.056787720193687,53.1185745478889,0.0]]]}},{"id":"335","type":"Feature","properties":{},"geometry":{"type":"Polygon","coordinates":[[[3.0610245047866016,53.113906720166284,0.0],[3.0630627593281723,53.11481656429733,0.0],[3.06265171096582,53.11338417404907,0.0],[3.0610245047866016,53.113906720166284,0.0]]]}},{"id":"336","type":"Feature","properties":{},"geometry":{"type":"Polygon","coordinates":[[[3.0488205383477656,53.10207480790259,0.0],[3.0504445799422024,53.10257643040672,0.0],[3.0501492982899614,53.10181622491045,0.0],[3.0488205383477656,53.10207480790259,0.0]]]}},{"id":"337","type":"Feature","properties":{},"geometry":{"type":"Polygon","coordinates":[[[2.9672979964076878,53.06961310525517,0.0],[2.976472274209709,53.06840080182521,0.0],[2.983185988543485,53.07742617483782,0.0],[3.007209198382538,53.07456815248203,0.0],[3.0082091206198274,53.0755761318866,0.0],[3.00601584684613,53.078961638734306,0.0],[3.00854706346592,53.08003489529847,0.0],[3.007364741662689,53.08218179660077,0.0],[3.016495196297079,53.08185748193873,0.0],[3.017532321272201,53.07503841750601,0.0],[3.0120706651797375,53.07428220348788,0.0],[3.010276363373751,53.072133826599234,0.0],[3.0190291584850018,53.068743928752376,0.0],[3.023318410165829,53.06263812371468,0.0],[3.0198909333717134,53.06095293452983,0.0],[3.0169853935856357,53.064337048709305,0.0],[3.0118285056048437,53.06615938049298,0.0],[3.0071069975734996,53.061036955151096,0.0],[3.015269306255655,53.056787252653166,0.0],[3.0126276859164345,53.05486091870728,0.0],[3.000299517095956,53.05797346155047,0.0],[2.9921278449131354,53.057283394513576,0.0],[2.9901284748637247,53.06038651624249,0.0],[2.9912927482898306,53.06407646968562,0.0],[2.982643744342509,53.06196825860299,0.0],[2.9672979964076878,53.06961310525517,0.0]]]}},{"id":"338","type":"Feature","properties":{},"geometry":{"type":"Polygon","coordinates":[[[2.9927649478366645,53.05497490318698,0.0],[2.9953864134955137,53.05024787344781,0.0],[2.995101311919874,53.04694159997071,0.0],[2.993782408834969,53.04765542964908,0.0],[2.9927649478366645,53.05497490318698,0.0]]]}},{"id":"339","type":"Feature","properties":{},"geometry":{"type":"Polygon","coordinates":[[[2.9997084953422513,53.054975122797444,0.0],[3.0005964028764622,53.05342176483024,0.0],[2.9990490170674913,53.052952142937635,0.0],[2.998669269532014,53.05425262421519,0.0],[2.9997084953422513,53.054975122797444,0.0]]]}},{"id":"340","type":"Feature","properties":{},"geometry":{"type":"Polygon","coordinates":[[[2.999266028775055,53.05083283510512,0.0],[3.001150197106123,53.05076230283201,0.0],[2.999994003823337,53.04942913853743,0.0],[2.999266028775055,53.05083283510512,0.0]]]}},{"id":"341","type":"Feature","properties":{},"geometry":{"type":"Polygon","coordinates":[[[2.9648653667744944,52.936169949729425,0.0],[2.9594661656698795,52.95302329013253,0.0],[2.9616409002059036,52.95503864573856,0.0],[2.969161355197479,52.94531081111598,0.0],[2.9737677378692,52.94175862801538,0.0],[2.974561992106522,52.93877558594833,0.0],[2.969223108919157,52.935759743576085,0.0],[2.9648653667744944,52.936169949729425,0.0]]]}},{"id":"342","type":"Feature","properties":{},"geometry":{"type":"Polygon","coordinates":[[[2.785605603626024,52.951932228683624,0.0],[2.7955064340978546,52.9630344781211,0.0],[2.8026476804444105,52.966032215435504,0.0],[2.7979949353888647,52.95739178950734,0.0],[2.787770527725862,52.95169012634557,0.0],[2.785605603626024,52.951932228683624,0.0]]]}},{"id":"343","type":"Feature","properties":{},"geometry":{"type":"Polygon","coordinates":[[[2.7776818774972245,52.96024434738368,0.0],[2.7788834366321127,52.95878296408306,0.0],[2.778652777154017,52.95559084829381,0.0],[2.777369850951791,52.95754405241955,0.0],[2.7776818774972245,52.96024434738368,0.0]]]}},{"id":"344","type":"Feature","properties":{},"geometry":{"type":"Polygon","coordinates":[[[2.7834026337537234,52.96487946744849,0.0],[2.784193482238419,52.96355872520877,0.0],[2.7838152891624497,52.96178693056933,0.0],[2.7830438936325743,52.96278638547597,0.0],[2.7834026337537234,52.96487946744849,0.0]]]}},{"id":"345","type":"Feature","properties":{},"geometry":{"type":"Polygon","coordinates":[[[2.7815857419069765,52.967674245334294,0.0],[2.7828884287976683,52.96789801982794,0.0],[2.7823230196707005,52.966900738693866,0.0],[2.7815857419069765,52.967674245334294,0.0]]]}},{"id":"346","type":"Feature","properties":{},"geometry":{"type":"Polygon","coordinates":[[[2.7763697070793047,53.00729291643172,0.0],[2.7775502435293506,53.00671399009466,0.0],[2.7770548543084277,53.00491429432077,0.0],[2.7755578749855983,53.005578713986175,0.0],[2.7763697070793047,53.00729291643172,0.0]]]}},{"id":"347","type":"Feature","properties":{},"geometry":{"type":"Polygon","coordinates":[[[2.80403113094567,53.03800377960237,0.0],[2.810964363564814,53.04281791583727,0.0],[2.821660074942114,53.04553314605908,0.0],[2.8363923483305684,53.0423345623388,0.0],[2.834965704353488,53.04151095283646,0.0],[2.8210553299057723,53.04434987978412,0.0],[2.8116563634287055,53.04171514435193,0.0],[2.806072444973626,53.03752950473956,0.0],[2.80681725721615,53.0357772163247,0.0],[2.803941886323225,53.03630023239928,0.0],[2.80403113094567,53.03800377960237,0.0]]]}},{"id":"348","type":"Feature","properties":{},"geometry":{"type":"Polygon","coordinates":[[[2.809711309457841,53.034178399032314,0.0],[2.8117257910121882,53.03238490727275,0.0],[2.812398818649391,53.02873597834904,0.0],[2.8105021589206856,53.03092104915585,0.0],[2.809711309457841,53.034178399032314,0.0]]]}},{"id":"349","type":"Feature","properties":{},"geometry":{"type":"Polygon","coordinates":[[[2.813799870349227,53.025149160854426,0.0],[2.8224990853744543,53.02219042494317,0.0],[2.827706804455014,53.01461065557325,0.0],[2.8371790887145827,53.008743484388916,0.0],[2.838065253560542,53.00430427129937,0.0],[2.842686670446453,53.00047005932697,0.0],[2.853914106923758,52.997199042405114,0.0],[2.8522997749920567,52.99461848541025,0.0],[2.8548535098526107,52.99278741827011,0.0],[2.854517847604976,52.99009489522287,0.0],[2.8487919163670523,52.98774513470723,0.0],[2.8460340045625943,52.9881858190032,0.0],[2.8524036928574827,52.990904326464154,0.0],[2.850349209458611,52.991968896185625,0.0],[2.8492351604170287,52.995561353224346,0.0],[2.8400693755614057,52.99963756462726,0.0],[2.8364401215445443,53.0033467292586,0.0],[2.835605538598257,53.00733021837631,0.0],[2.82755842449497,53.01184120239533,0.0],[2.8209161170241037,53.02043525526254,0.0],[2.8128569267924592,53.02297795468099,0.0],[2.813799870349227,53.025149160854426,0.0]]]}},{"id":"350","type":"Feature","properties":{},"geometry":{"type":"Polygon","coordinates":[[[2.4565965933509473,52.83881254551834,0.0],[2.4586044644055187,52.83735293149683,0.0],[2.459746008008032,52.83223139897406,0.0],[2.4670892046202093,52.82859899304796,0.0],[2.465487367490922,52.82533291485364,0.0],[2.4578246806820494,52.823380576674516,0.0],[2.4551685934488177,52.81983541118189,0.0],[2.455474901156588,52.809304090863584,0.0],[2.4611067037051586,52.805800608149134,0.0],[2.4585520604447417,52.80279019044749,0.0],[2.4565566811096358,52.803038619664584,0.0],[2.456836563206329,52.8053960938731,0.0],[2.4531236396317833,52.80904720629812,0.0],[2.45193224087721,52.81310129485937,0.0],[2.4532736185670254,52.821913861515995,0.0],[2.4594524586196784,52.82653977944256,0.0],[2.4565965933509473,52.83881254551834,0.0]]]}},{"id":"351","type":"Feature","properties":{},"geometry":{"type":"Polygon","coordinates":[[[2.45332755637872,52.853164096563845,0.0],[2.454200041331873,52.853627105098184,0.0],[2.4542700687986323,52.8530817330334,0.0],[2.45332755637872,52.853164096563845,0.0]]]}},{"id":"352","type":"Feature","properties":{},"geometry":{"type":"Polygon","coordinates":[[[2.4660758167335017,52.85527865483511,0.0],[2.4655136640172928,52.85028710832752,0.0],[2.4608286206525563,52.84935813640562,0.0],[2.4628906352827427,52.84456333206677,0.0],[2.4571356796061945,52.84775522621628,0.0],[2.4573020680680417,52.85062470654289,0.0],[2.4660758167335017,52.85527865483511,0.0]]]}},{"id":"353","type":"Feature","properties":{},"geometry":{"type":"Polygon","coordinates":[[[2.513407507914517,52.88440749548123,0.0],[2.5144066985302707,52.883264106179574,0.0],[2.514536684157568,52.8821936574684,0.0],[2.5137477048094015,52.882824093355865,0.0],[2.513407507914517,52.88440749548123,0.0]]]}},{"id":"354","type":"Feature","properties":{},"geometry":{"type":"Polygon","coordinates":[[[2.522934609596841,52.89245553297497,0.0],[2.52851914109416,52.89827130636399,0.0],[2.53297915612681,52.89506324379011,0.0],[2.5252382159519366,52.89115663907737,0.0],[2.522934609596841,52.89245553297497,0.0]]]}},{"id":"355","type":"Feature","properties":{},"geometry":{"type":"Polygon","coordinates":[[[2.512354932330908,52.89255791976859,0.0],[2.515537117242624,52.894167207908126,0.0],[2.516317399578651,52.89414488810771,0.0],[2.512354932330908,52.89255791976859,0.0]]]}},{"id":"356","type":"Feature","properties":{},"geometry":{"type":"Polygon","coordinates":[[[2.551820557171653,52.887496187634255,0.0],[2.5562517334467194,52.889931447950445,0.0],[2.559881569565217,52.889943677542604,0.0],[2.5532577392883202,52.88671366801297,0.0],[2.551820557171653,52.887496187634255,0.0]]]}},{"id":"357","type":"Feature","properties":{},"geometry":{"type":"Polygon","coordinates":[[[2.5090554699752663,52.90769100610002,0.0],[2.515144022028271,52.90445463355805,0.0],[2.511662148843906,52.902803308340786,0.0],[2.5167059344370943,52.90280608455166,0.0],[2.520789564361113,52.90535982008048,0.0],[2.520367414129549,52.91150602404091,0.0],[2.522086462891757,52.91168124731707,0.0],[2.5279041520126113,52.9081039917832,0.0],[2.530291106730684,52.902281736978935,0.0],[2.521458810482736,52.8970599003966,0.0],[2.5186233444437516,52.89684699858285,0.0],[2.5061396868074466,52.9011332148831,0.0],[2.5090554699752663,52.90769100610002,0.0]]]}},{"id":"358","type":"Feature","properties":{},"geometry":{"type":"Polygon","coordinates":[[[2.488653839048765,52.91096067425511,0.0],[2.4936284876182344,52.9126330681559,0.0],[2.4958970139171197,52.910527537921176,0.0],[2.4896014543824894,52.90785381761878,0.0],[2.487562060996846,52.909114911005425,0.0],[2.488653839048765,52.91096067425511,0.0]]]}},{"id":"359","type":"Feature","properties":{},"geometry":{"type":"Polygon","coordinates":[[[2.500850935966874,52.9154902395102,0.0],[2.5012134123825502,52.91735321754361,0.0],[2.5074528773621862,52.916602790235174,0.0],[2.5031343078861465,52.914465809525126,0.0],[2.500850935966874,52.9154902395102,0.0]]]}},{"id":"360","type":"Feature","properties":{},"geometry":{"type":"Polygon","coordinates":[[[2.46354520281014,52.906072629815114,0.0],[2.467316689215889,52.904617005116954,0.0],[2.4672942157151407,52.903354679852825,0.0],[2.463732615201621,52.90438668509467,0.0],[2.46354520281014,52.906072629815114,0.0]]]}},{"id":"361","type":"Feature","properties":{},"geometry":{"type":"Polygon","coordinates":[[[2.5290381698965096,52.93342934453835,0.0],[2.53612591323209,52.94468709751483,0.0],[2.539798514252178,52.94786327916303,0.0],[2.541962848290014,52.94799148604859,0.0],[2.5448348210836915,52.94545769705269,0.0],[2.545194743599525,52.942937200948684,0.0],[2.5423448692503627,52.939394615272796,0.0],[2.536818325745094,52.93815433992245,0.0],[2.5311957357881423,52.932161635945434,0.0],[2.5290381698965096,52.93342934453835,0.0]]]}},{"id":"362","type":"Feature","properties":{},"geometry":{"type":"Polygon","coordinates":[[[2.4986226503630684,52.932553957127304,0.0],[2.4896544353007504,52.93886893764771,0.0],[2.4913880282062975,52.941125408166144,0.0],[2.501938792832703,52.9368581617777,0.0],[2.508689080560678,52.93652799536192,0.0],[2.5149936637259787,52.93868180830107,0.0],[2.520070430039413,52.934936173718846,0.0],[2.521022399611794,52.93108834472485,0.0],[2.51431171563708,52.92344063071737,0.0],[2.5123037812888698,52.924341458315354,0.0],[2.5124397265089033,52.927639081097304,0.0],[2.5081993344613336,52.92891059849623,0.0],[2.507171049665666,52.93176481308195,0.0],[2.5035975760187617,52.92910310882877,0.0],[2.491878036393798,52.92758098637285,0.0],[2.4925648100415043,52.92496258670813,0.0],[2.497333441504597,52.92307932727799,0.0],[2.4962594102990576,52.92182785951796,0.0],[2.4848324676466023,52.92232200322082,0.0],[2.4793483823562013,52.9187383836174,0.0],[2.469279438829724,52.91725056853897,0.0],[2.4631144086193664,52.918913483323706,0.0],[2.4651711634484825,52.92301541504129,0.0],[2.469711766840344,52.92502726852009,0.0],[2.489523163315241,52.92348206979149,0.0],[2.490208842473931,52.929045149875314,0.0],[2.4986226503630684,52.932553957127304,0.0]]]}},{"id":"363","type":"Feature","properties":{},"geometry":{"type":"Polygon","coordinates":[[[2.4619178232363064,52.92814650571846,0.0],[2.4625631631125673,52.935152828613944,0.0],[2.4660327513228926,52.93528959085498,0.0],[2.4637987949416207,52.9282289564236,0.0],[2.4619178232363064,52.92814650571846,0.0]]]}},{"id":"364","type":"Feature","properties":{},"geometry":{"type":"Polygon","coordinates":[[[2.5203475952113714,53.02242218212605,0.0],[2.535014050001436,53.0270804226463,0.0],[2.536149980445775,53.022908138939016,0.0],[2.5308754542704044,53.018715829995514,0.0],[2.5338521690247338,53.004606213483584,0.0],[2.529392150243836,53.00425206094003,0.0],[2.527246176581022,53.00567149267835,0.0],[2.5238257582244783,53.01071684358793,0.0],[2.5239695192264984,53.016862666960996,0.0],[2.5222432498893723,53.017345324920186,0.0],[2.517746477797839,53.01183470164317,0.0],[2.52110749522298,53.0087909560853,0.0],[2.5220391273779503,53.004821961941126,0.0],[2.5184850324994628,53.0020766812591,0.0],[2.514851965901506,52.99359623663538,0.0],[2.503328045854552,52.99170252816921,0.0],[2.49522116380674,52.98749163877453,0.0],[2.4876432769941723,52.99298232992799,0.0],[2.4830418261868563,52.99327860253023,0.0],[2.49158728927008,52.99756359173213,0.0],[2.503224441622498,52.99999438714092,0.0],[2.5036700386681674,53.00536634192795,0.0],[2.5092968801975872,53.01576777866583,0.0],[2.5203475952113714,53.02242218212605,0.0]]]}},{"id":"365","type":"Feature","properties":{},"geometry":{"type":"Polygon","coordinates":[[[2.4737587239230687,52.98967565668173,0.0],[2.485271874055432,52.99125599963777,0.0],[2.4896139281492533,52.98570061370343,0.0],[2.4760606805005567,52.98347678629705,0.0],[2.4737587239230687,52.98967565668173,0.0]]]}},{"id":"366","type":"Feature","properties":{},"geometry":{"type":"Polygon","coordinates":[[[2.523162091076337,53.00035139498779,0.0],[2.5242889036659126,53.00012386698252,0.0],[2.52483267368098,52.99756338981909,0.0],[2.523472517188186,52.99826172000123,0.0],[2.523162091076337,53.00035139498779,0.0]]]}},{"id":"367","type":"Feature","properties":{},"geometry":{"type":"Polygon","coordinates":[[[2.524308207109092,52.994521808629,0.0],[2.5275182152819258,52.99585545648434,0.0],[2.5344423095153377,52.99061466712781,0.0],[2.5342947331223096,52.98862006374565,0.0],[2.529236649010237,52.985127172741656,0.0],[2.527144174884,52.98869893829123,0.0],[2.5220113910151625,52.99125891998876,0.0],[2.524308207109092,52.994521808629,0.0]]]}},{"id":"368","type":"Feature","properties":{},"geometry":{"type":"Polygon","coordinates":[[[2.460069587257725,52.985437525044766,0.0],[2.4689426693370753,52.98785145652461,0.0],[2.471113264970831,52.982424716220024,0.0],[2.4662726362285268,52.98095473289486,0.0],[2.46156781970588,52.982519566865875,0.0],[2.460069587257725,52.985437525044766,0.0]]]}},{"id":"369","type":"Feature","properties":{},"geometry":{"type":"Polygon","coordinates":[[[2.4399651835999627,52.987106521058834,0.0],[2.4383853250967524,52.98283560767532,0.0],[2.433756985024262,52.97845839236065,0.0],[2.437178544395362,52.973935779693754,0.0],[2.4513670408440267,52.96763749958353,0.0],[2.453280337404869,52.961944684128035,0.0],[2.4573273793602355,52.95845963112161,0.0],[2.4584810117081157,52.94791328853877,0.0],[2.460919751878574,52.94666470915395,0.0],[2.4740068651784117,52.948717392727715,0.0],[2.47957971948286,52.947997345865886,0.0],[2.479777820266278,52.94556048121907,0.0],[2.4752012498779843,52.94281703531134,0.0],[2.47863252796601,52.9411032842118,0.0],[2.480095626809927,52.93736129375131,0.0],[2.484380066209699,52.93412114569692,0.0],[2.4777425036062772,52.93228935682012,0.0],[2.471344525154939,52.93889344625245,0.0],[2.4653731029576766,52.9395016666245,0.0],[2.467780767042002,52.94348271801087,0.0],[2.4660715985272867,52.94516310636404,0.0],[2.454286082921362,52.943778511246556,0.0],[2.457650219506919,52.94041779905826,0.0],[2.4569056518385297,52.936844490104896,0.0],[2.4546620370579064,52.936036085712836,0.0],[2.4525922614751434,52.93650850770345,0.0],[2.4484509628129283,52.94189522298333,0.0],[2.4417691529706342,52.94254230841881,0.0],[2.4395637105180903,52.93845203113884,0.0],[2.4329767834766063,52.937360011611204,0.0],[2.4263865027135525,52.93399306348983,0.0],[2.4215644740047244,52.92816347154696,0.0],[2.4099195113828156,52.93705396584166,0.0],[2.4080886316222605,52.93699131200549,0.0],[2.4074844021012836,52.93549658499593,0.0],[2.4123001003347926,52.929563831789146,0.0],[2.4108093310610053,52.92560913457426,0.0],[2.413551336357721,52.92315945105072,0.0],[2.4103535390913646,52.92188905129165,0.0],[2.4144553580595045,52.91244392462277,0.0],[2.417437114906845,52.910280924172376,0.0],[2.4281510811737315,52.90769632673294,0.0],[2.4211127888318207,52.903500716874,0.0],[2.4223137120260128,52.897552417214854,0.0],[2.4166160059846913,52.89604814736034,0.0],[2.409056320791719,52.903747351006956,0.0],[2.405717390087095,52.912288341200025,0.0],[2.387138090155607,52.914851007681385,0.0],[2.381481844187707,52.91746854885483,0.0],[2.387717659316876,52.92071633590432,0.0],[2.3982513938664862,52.920492205092586,0.0],[2.3966645031672327,52.92265671478483,0.0],[2.397916985253444,52.9272631736925,0.0],[2.393706785416272,52.92900378001235,0.0],[2.386457224913451,52.92392532164321,0.0],[2.377531617103379,52.92228262973507,0.0],[2.3726780742062172,52.93172761960136,0.0],[2.372164827762841,52.935116339305665,0.0],[2.374494795408014,52.93772957097506,0.0],[2.3882870049998175,52.94108569126644,0.0],[2.3912334156210115,52.93325464443406,0.0],[2.3949791984863573,52.93277653504978,0.0],[2.395667950278807,52.93483529482536,0.0],[2.392015798213205,52.941268021829515,0.0],[2.3962131538314866,52.9450888315183,0.0],[2.384910095018978,52.94347540704375,0.0],[2.389575037655931,52.94853814004955,0.0],[2.3836158100149207,52.94543980610876,0.0],[2.3808826327123804,52.941730733613234,0.0],[2.3730942629120344,52.94147570987104,0.0],[2.362470770758251,52.9376860746129,0.0],[2.3599316105100687,52.93957468631414,0.0],[2.365356748793468,52.94352049714903,0.0],[2.362520118519208,52.94581556495909,0.0],[2.36530420537902,52.94970637791831,0.0],[2.3722568339036205,52.94567359589642,0.0],[2.376375642032309,52.945177641199656,0.0],[2.3833836796108314,52.94810838957608,0.0],[2.37829732694578,52.949527708391194,0.0],[2.377976239951681,52.952486507930224,0.0],[2.3900151624489587,52.95356377696524,0.0],[2.4054550167993556,52.948690036314915,0.0],[2.4218780173468626,52.94675150634302,0.0],[2.4227022895845804,52.945085305013805,0.0],[2.4200509074805194,52.943218592546295,0.0],[2.413534978938288,52.94559885846644,0.0],[2.411092201670635,52.94425061214668,0.0],[2.4192670701148717,52.937446803922604,0.0],[2.4247079740565667,52.93772571123132,0.0],[2.4311532905668147,52.94027097594518,0.0],[2.4346908454627494,52.943799117671745,0.0],[2.437839560206149,52.95684930573218,0.0],[2.441002462837404,52.96108690320295,0.0],[2.439948754892379,52.96387156303611,0.0],[2.4363453221494304,52.96460165968894,0.0],[2.4233788773888416,52.9570605272663,0.0],[2.419448763611204,52.95729639000298,0.0],[2.415717810393576,52.9596699443788,0.0],[2.414422572582612,52.958021414917155,0.0],[2.4148173284812113,52.953803220745286,0.0],[2.409486310728587,52.950892878835774,0.0],[2.394387929826665,52.95517729745576,0.0],[2.3813599620362202,52.96389728102464,0.0],[2.377199262189758,52.962192598118804,0.0],[2.376907603317405,52.959273943684806,0.0],[2.386517165889246,52.95639150287502,0.0],[2.369432050501134,52.95181420079792,0.0],[2.3603829927732525,52.954473885559665,0.0],[2.3707699014777126,52.96086847086565,0.0],[2.392907687826031,52.97042344130847,0.0],[2.437708556924471,52.988100537588394,0.0],[2.4399651835999627,52.987106521058834,0.0]]]}},{"id":"370","type":"Feature","properties":{},"geometry":{"type":"Polygon","coordinates":[[[2.420801287730287,52.952774308831245,0.0],[2.4228919111370364,52.95430933769924,0.0],[2.425967473155192,52.95290136870913,0.0],[2.4244318201064257,52.952174861266926,0.0],[2.420801287730287,52.952774308831245,0.0]]]}},{"id":"371","type":"Feature","properties":{},"geometry":{"type":"Polygon","coordinates":[[[2.3463785074198737,52.94685496484959,0.0],[2.3548139067463385,52.94623807070358,0.0],[2.3565992751042257,52.945406267675644,0.0],[2.3493465503699418,52.94430345555103,0.0],[2.345554199831177,52.945529556793495,0.0],[2.3463785074198737,52.94685496484959,0.0]]]}},{"id":"372","type":"Feature","properties":{},"geometry":{"type":"Polygon","coordinates":[[[2.356663608098047,52.937654779510005,0.0],[2.3582023743384974,52.937204109047954,0.0],[2.3580656939998232,52.935887597585754,0.0],[2.356138715752267,52.936336163582766,0.0],[2.356663608098047,52.937654779510005,0.0]]]}},{"id":"373","type":"Feature","properties":{},"geometry":{"type":"Polygon","coordinates":[[[2.3622114440300335,52.93465534524553,0.0],[2.366813870207576,52.935659137010205,0.0],[2.366123380552235,52.932656717039755,0.0],[2.3680754068601337,52.930759751672696,0.0],[2.3601967511057276,52.92818039207162,0.0],[2.3596855901256353,52.93165067164319,0.0],[2.3622114440300335,52.93465534524553,0.0]]]}},{"id":"374","type":"Feature","properties":{},"geometry":{"type":"Polygon","coordinates":[[[2.3636466656248314,52.92197448378792,0.0],[2.367841118942629,52.9248273205856,0.0],[2.36615513854881,52.927016397272496,0.0],[2.3725708413295505,52.9245514948381,0.0],[2.367897138077009,52.92213996880236,0.0],[2.3636466656248314,52.92197448378792,0.0]]]}},{"id":"375","type":"Feature","properties":{},"geometry":{"type":"Polygon","coordinates":[[[2.3947764358107637,52.91161092249409,0.0],[2.396996491478765,52.91121166835179,0.0],[2.399081829213629,52.90286603040767,0.0],[2.398544901117702,52.90022155703628,0.0],[2.3962689779847928,52.898613738072484,0.0],[2.394202664206986,52.89982719917752,0.0],[2.392484152286399,52.906014820936235,0.0],[2.392737460531314,52.909917548282166,0.0],[2.3947764358107637,52.91161092249409,0.0]]]}},{"id":"376","type":"Feature","properties":{},"geometry":{"type":"Polygon","coordinates":[[[2.422585284672164,52.93928872894553,0.0],[2.4277010200610487,52.943117980695405,0.0],[2.4292212173181555,52.943074292639906,0.0],[2.425767971797291,52.939911035175435,0.0],[2.422585284672164,52.93928872894553,0.0]]]}},{"id":"377","type":"Feature","properties":{},"geometry":{"type":"Polygon","coordinates":[[[2.443106231502932,52.92552519247812,0.0],[2.4500100372108533,52.92812768760918,0.0],[2.4515348451802326,52.92767574603172,0.0],[2.443106231502932,52.92552519247812,0.0]]]}},{"id":"378","type":"Feature","properties":{},"geometry":{"type":"Polygon","coordinates":[[[2.4001121364383993,52.88689318572682,0.0],[2.4034510243328757,52.89241791992222,0.0],[2.406265892736208,52.893768202156636,0.0],[2.407332925479581,52.88725582946764,0.0],[2.402428887244745,52.885191287969654,0.0],[2.4001121364383993,52.88689318572682,0.0]]]}},{"id":"379","type":"Feature","properties":{},"geometry":{"type":"Polygon","coordinates":[[[2.4279024970745366,52.90095305442905,0.0],[2.4303297537448074,52.899159350966436,0.0],[2.4306445692096768,52.897661486609486,0.0],[2.4289766903160412,52.898795861050296,0.0],[2.4279024970745366,52.90095305442905,0.0]]]}},{"id":"380","type":"Feature","properties":{},"geometry":{"type":"Polygon","coordinates":[[[2.43540624420862,52.89336968790428,0.0],[2.4367691426716114,52.89296561485906,0.0],[2.437730411710716,52.891014351789686,0.0],[2.435896056626146,52.89201543785876,0.0],[2.43540624420862,52.89336968790428,0.0]]]}},{"id":"381","type":"Feature","properties":{},"geometry":{"type":"Polygon","coordinates":[[[2.5737363437666163,52.84856512340578,0.0],[2.576517536202669,52.85016370094162,0.0],[2.577333665980699,52.84940162066951,0.0],[2.575240904425361,52.84804267320183,0.0],[2.5737363437666163,52.84856512340578,0.0]]]}},{"id":"382","type":"Feature","properties":{},"geometry":{"type":"Polygon","coordinates":[[[2.5843674973065562,52.81281910867167,0.0],[2.584917702107732,52.814702915957504,0.0],[2.5850288280770393,52.81187283149868,0.0],[2.5843674973065562,52.81281910867167,0.0]]]}},{"id":"383","type":"Feature","properties":{},"geometry":{"type":"Polygon","coordinates":[[[2.583820037534325,52.83356375878328,0.0],[2.5848599809882544,52.834011094075734,0.0],[2.5845302761093527,52.833262800377234,0.0],[2.583820037534325,52.83356375878328,0.0]]]}},{"id":"384","type":"Feature","properties":{},"geometry":{"type":"Polygon","coordinates":[[[2.5828601714833765,52.83003378438043,0.0],[2.5847059000794124,52.830741496837625,0.0],[2.5848143087134767,52.829969235609724,0.0],[2.5828601714833765,52.83003378438043,0.0]]]}},{"id":"385","type":"Feature","properties":{},"geometry":{"type":"Polygon","coordinates":[[[3.387347694527213,52.564376076605235,0.0],[3.4163071345490628,52.566186278465544,0.0],[3.416465332266386,52.54868035398379,0.0],[3.412686960690323,52.5371768685159,0.0],[3.404096358422382,52.53016484664722,0.0],[3.378810538714398,52.52610244351872,0.0],[3.3727794620050346,52.5274377894535,0.0],[3.381989212920516,52.53181768933308,0.0],[3.378427173661299,52.544267181162404,0.0],[3.3728460095581716,52.548036042400334,0.0],[3.374538099227904,52.55658595275164,0.0],[3.387347694527213,52.564376076605235,0.0]]]}},{"id":"386","type":"Feature","properties":{},"geometry":{"type":"Polygon","coordinates":[[[3.0738982264449914,52.48662463396682,0.0],[3.0788915835714055,52.48658851441934,0.0],[3.0781640886504356,52.48150114082084,0.0],[3.074965037461709,52.48020931576445,0.0],[3.0738982264449914,52.48662463396682,0.0]]]}},{"id":"387","type":"Feature","properties":{},"geometry":{"type":"Polygon","coordinates":[[[3.0770725830495467,52.479067493317686,0.0],[3.0786300353601197,52.48016816866849,0.0],[3.0827396911015343,52.481798921183604,0.0],[3.0788102500615677,52.47655903023879,0.0],[3.0770725830495467,52.479067493317686,0.0]]]}}]}