{
  "id": "akkadian",
  "name": "Akkadian Empire",
  "region": "Ancient Near East",
  "years": [
    -2276,
    -2226,
    -2151
  ],
  "defaultYear": -2226,
  "peakYear": -2226,
  "peakArea": 527514.0840697704,
  "startYear": -2276,
  "endYear": -2151,
  "color": 16752762,
  "centroids": {
    "-2276": [
      34.62854767254086,
      42.14895059553514
    ],
    "-2226": [
      33.92037616762753,
      43.34976076196675
    ],
    "-2151": [
      34.19866062246952,
      43.56031214093423
    ]
  },
  "featureCount": {
    "-2276": 1,
    "-2226": 1,
    "-2151": 1
  },
  "areaByYear": {
    "-2276": 390336.12352557684,
    "-2226": 527514.0840697704,
    "-2151": 296575.84858070465
  }
}