{
  "id": "shang",
  "name": "Shang Dynasty",
  "region": "East Asia",
  "years": [
    -1421,
    -1171,
    -1051
  ],
  "defaultYear": -1421,
  "peakYear": -1421,
  "peakArea": 154175.18097786023,
  "startYear": -1421,
  "endYear": -1051,
  "color": 12092939,
  "centroids": {
    "-1421": [
      36.387880498031876,
      115.1968794797443
    ],
    "-1171": [
      36.387880498031876,
      115.1968794797443
    ],
    "-1051": [
      36.387880498031876,
      115.1968794797443
    ]
  },
  "featureCount": {
    "-1421": 1,
    "-1171": 1,
    "-1051": 1
  },
  "areaByYear": {
    "-1421": 154175.18097786023,
    "-1171": 154175.18097786023,
    "-1051": 154175.18097786023
  }
}