{
  "id": "indus_valley",
  "name": "Indus Valley (Harappan)",
  "region": "South Asia",
  "years": [
    -2851,
    -2601,
    -2401,
    -2151,
    -1901,
    -1781,
    -1756,
    -1726
  ],
  "defaultYear": -2151,
  "peakYear": -2151,
  "peakArea": 755175.8639771328,
  "startYear": -2851,
  "endYear": -1726,
  "color": 6737322,
  "centroids": {
    "-2851": [
      26.90004385291553,
      68.41848248703867
    ],
    "-2601": [
      28.42501172833938,
      72.78152843837742
    ],
    "-2401": [
      27.457216364548383,
      70.88053608014266
    ],
    "-2151": [
      28.298454183211796,
      70.75254014637747
    ],
    "-1901": [
      28.298454183211796,
      70.75254014637747
    ],
    "-1781": [
      27.134591193107724,
      69.55895350485213
    ],
    "-1756": [
      27.554253378477604,
      69.58794541328942
    ],
    "-1726": [
      27.554253378477604,
      69.58794541328942
    ]
  },
  "featureCount": {
    "-2851": 1,
    "-2601": 1,
    "-2401": 1,
    "-2151": 1,
    "-1901": 1,
    "-1781": 1,
    "-1756": 1,
    "-1726": 1
  },
  "areaByYear": {
    "-2851": 4997.632390870818,
    "-2601": 15059.881908015273,
    "-2401": 40671.56204205782,
    "-2151": 755175.8639771328,
    "-1901": 755175.8639771328,
    "-1781": 253058.4580269331,
    "-1756": 223044.3419232155,
    "-1726": 223044.3419232155
  }
}