{
  "id": "hittite",
  "name": "Hittite Empire",
  "region": "Ancient Near East",
  "years": [
    -1551,
    -1451,
    -1351,
    -1271,
    -1231,
    -1211,
    -1176
  ],
  "defaultYear": -1271,
  "peakYear": -1271,
  "peakArea": 321476.8303899239,
  "startYear": -1551,
  "endYear": -1176,
  "color": 16755200,
  "centroids": {
    "-1551": [
      38.61566970931023,
      36.10947391614127
    ],
    "-1451": [
      38.635064298404814,
      36.09165595062384
    ],
    "-1351": [
      38.24213156212392,
      34.46186508132873
    ],
    "-1271": [
      38.12247346055402,
      34.40099478218419
    ],
    "-1231": [
      38.12030826095399,
      34.388823204179694
    ],
    "-1211": [
      38.23904709130576,
      34.19940868831318
    ],
    "-1176": [
      38.23904709130576,
      34.19940868831318
    ]
  },
  "featureCount": {
    "-1551": 1,
    "-1451": 1,
    "-1351": 1,
    "-1271": 1,
    "-1231": 1,
    "-1211": 1,
    "-1176": 1
  },
  "areaByYear": {
    "-1551": 58875.38901938828,
    "-1451": 57838.25350770177,
    "-1351": 167243.93422333046,
    "-1271": 321476.8303899239,
    "-1231": 320652.6479810171,
    "-1211": 301036.24911341956,
    "-1176": 301036.24911341956
  }
}