{
  "id": "qin",
  "name": "Qin Dynasty",
  "region": "East Asia",
  "years": [
    -216,
    -212,
    -210
  ],
  "defaultYear": -210,
  "peakYear": -210,
  "peakArea": 2132703.6764509506,
  "startYear": -216,
  "endYear": -210,
  "color": 16734003,
  "centroids": {
    "-216": [
      33.94693384695046,
      112.66794040933057
    ],
    "-212": [
      33.54120407826007,
      113.0246052511435
    ],
    "-210": [
      32.7813103608679,
      113.03291345465627
    ]
  },
  "featureCount": {
    "-216": 1,
    "-212": 1,
    "-210": 1
  },
  "areaByYear": {
    "-216": 1632694.1827338708,
    "-212": 1929951.060883114,
    "-210": 2132703.6764509506
  }
}