{
  "id": "qin",
  "name": "Qin Dynasty",
  "region": "East Asia",
  "years": [
    -221,
    -216,
    -212,
    -210,
    -206
  ],
  "defaultYear": -210,
  "peakYear": -210,
  "peakArea": 2132703.6764509506,
  "startYear": -221,
  "endYear": -206,
  "color": 9109504,
  "centroids": {
    "-221": [
      33.94693384695046,
      112.66794040933057
    ],
    "-216": [
      33.94693384695046,
      112.66794040933057
    ],
    "-212": [
      33.54120407826007,
      113.0246052511435
    ],
    "-210": [
      32.7813103608679,
      113.03291345465627
    ],
    "-206": [
      32.7813103608679,
      113.03291345465627
    ]
  },
  "featureCount": {
    "-221": 1,
    "-216": 1,
    "-212": 1,
    "-210": 1,
    "-206": 1
  },
  "areaByYear": {
    "-221": 1632694.1827338708,
    "-216": 1632694.1827338708,
    "-212": 1929951.060883114,
    "-210": 2132703.6764509506,
    "-206": 2132703.6764509506
  }
}
