{
  "id": "roman",
  "name": "Roman Empire",
  "region": "Mediterranean",
  "years": [
    -419,
    -332,
    -325,
    -321,
    -310,
    -297,
    -287,
    -281,
    -279,
    -277,
    -274,
    -268,
    -261,
    -252,
    -244,
    -235,
    -228,
    -225,
    -223,
    -221,
    -218,
    -215,
    -212,
    -210,
    -208,
    -205,
    -203,
    -200,
    -193,
    -180,
    -168,
    -155,
    -136,
    -119,
    -101,
    -90,
    -83,
    -72,
    -65,
    -57,
    -50,
    -49,
    -48,
    -46,
    -44,
    -42,
    -41,
    -39,
    -34,
    -31,
    -29,
    -27,
    -23,
    -17,
    -7,
    3,
    7,
    11,
    18,
    32,
    46,
    55,
    63,
    72,
    80,
    87,
    98,
    109,
    115,
    121,
    140,
    157,
    162,
    174,
    190,
    201,
    210,
    226,
    242,
    253,
    260,
    265,
    276,
    284,
    292,
    302,
    306,
    309,
    311,
    318,
    330,
    337,
    342,
    349,
    355,
    362,
    368,
    374,
    380,
    384,
    388,
    390,
    392,
    394,
    395,
    398,
    404,
    408,
    411,
    415,
    421,
    432,
    439,
    441,
    446,
    451,
    453,
    456,
    458,
    460,
    465,
    472,
    1990,
    2007,
    2024
  ],
  "defaultYear": 121,
  "peakYear": 121,
  "peakArea": 10520465.110202748,
  "startYear": -419,
  "endYear": 2024,
  "color": 16742263,
  "centroids": {
    "-419": [
      41.974168040752375,
      12.280800653349178
    ],
    "-332": [
      41.630149566297035,
      13.070238081255741
    ],
    "-325": [
      41.70638703377154,
      13.011071459046772
    ],
    "-321": [
      41.65987790472984,
      13.107994293859473
    ],
    "-310": [
      41.6306518363485,
      13.443233358312417
    ],
    "-297": [
      41.80749694730619,
      13.989791659063247
    ],
    "-287": [
      42.00159696393628,
      13.810843699802646
    ],
    "-281": [
      42.0032364884163,
      13.809604763851645
    ],
    "-279": [
      42.05393790886034,
      13.694544638441712
    ],
    "-277": [
      42.057255510575494,
      13.690152712563519
    ],
    "-274": [
      41.764705186975924,
      14.256404361358353
    ],
    "-268": [
      41.26505200423687,
      14.78104267645533
    ],
    "-261": [
      41.70360328969422,
      14.122250870093277
    ],
    "-252": [
      41.19120470378644,
      14.06215545038192
    ],
    "-244": [
      41.187163446688956,
      14.121817011627826
    ],
    "-235": [
      41.16814343812508,
      14.113555364550423
    ],
    "-228": [
      41.069760210241185,
      13.020659940551857
    ],
    "-225": [
      40.92293185199208,
      13.181480398087603
    ],
    "-223": [
      41.69386969230052,
      12.788658380796933
    ],
    "-221": [
      41.8182470522357,
      12.674639620431488
    ],
    "-218": [
      41.81609618827513,
      12.727231756930621
    ],
    "-215": [
      40.77672187187044,
      12.313468063457004
    ],
    "-212": [
      38.18970609871461,
      6.248674997791497
    ],
    "-210": [
      38.37536034306179,
      6.071643204502179
    ],
    "-208": [
      38.416201060140736,
      5.649327080736585
    ],
    "-205": [
      38.74901678242414,
      6.8042150408962865
    ],
    "-203": [
      40.106779327138604,
      6.192869315690108
    ],
    "-200": [
      38.82347913567368,
      5.421888079353021
    ],
    "-193": [
      40.46103109927223,
      6.382850186670021
    ],
    "-180": [
      40.67777454344242,
      6.3821618107779905
    ],
    "-168": [
      40.59368219625475,
      5.267627513739952
    ],
    "-155": [
      40.871340659429606,
      8.928293038376923
    ],
    "-136": [
      40.36595594625044,
      9.996684271445128
    ],
    "-119": [
      40.23439961212109,
      9.704651289096876
    ],
    "-101": [
      40.28448509697482,
      9.585402804518433
    ],
    "-90": [
      39.33232423259369,
      10.571273366696872
    ],
    "-83": [
      39.48626366273943,
      8.384917162095782
    ],
    "-72": [
      39.380026881426296,
      10.759226964539488
    ],
    "-65": [
      39.25151749269349,
      14.441630547398704
    ],
    "-57": [
      39.00064681989678,
      14.704286128018943
    ],
    "-50": [
      41.45938896819019,
      11.250026256751193
    ],
    "-49": [
      41.46036762330239,
      11.248217512421066
    ],
    "-48": [
      41.460405818740306,
      11.249357152054333
    ],
    "-46": [
      41.12845523533987,
      11.13427626120415
    ],
    "-44": [
      41.12779243627648,
      11.131769236545972
    ],
    "-42": [
      41.125704421365384,
      11.131343272532392
    ],
    "-41": [
      41.12701090987291,
      11.132546932187026
    ],
    "-39": [
      41.47741496330948,
      9.72988324611342
    ],
    "-34": [
      41.12779243627648,
      11.131769236545972
    ],
    "-31": [
      42.78343937430655,
      4.457984365313496
    ],
    "-29": [
      41.22512385507906,
      11.353854335407505
    ],
    "-27": [
      39.121253071531264,
      14.750485096203096
    ],
    "-23": [
      37.99555717710078,
      16.483901849701056
    ],
    "-17": [
      39.31523685469733,
      14.425653593888901
    ],
    "-7": [
      39.784751812033825,
      14.262143524851734
    ],
    "3": [
      40.057936991243416,
      14.095913047641629
    ],
    "7": [
      40.46415992175521,
      13.966424553504133
    ],
    "11": [
      39.683660623655356,
      14.389089091761303
    ],
    "18": [
      39.72650535941558,
      14.427988545510482
    ],
    "32": [
      39.692746082043605,
      14.988878502706918
    ],
    "46": [
      39.62290251471312,
      14.143191256849327
    ],
    "55": [
      40.173861802274224,
      13.836526786772655
    ],
    "63": [
      40.08917840616175,
      15.380401362035723
    ],
    "72": [
      40.135882038280876,
      14.751298153794277
    ],
    "80": [
      40.18251480393004,
      14.432792357385761
    ],
    "87": [
      40.51628893714972,
      14.067806724945632
    ],
    "98": [
      40.357207133905234,
      14.248212358908635
    ],
    "109": [
      40.33522995177759,
      15.22550605313154
    ],
    "115": [
      40.261233251328704,
      16.892248296372884
    ],
    "121": [
      39.85687138607008,
      18.64515623725518
    ],
    "140": [
      40.27301621060383,
      15.172707595051547
    ],
    "157": [
      40.3806906220424,
      15.039970369610803
    ],
    "162": [
      40.4665519813703,
      14.650263037165535
    ],
    "174": [
      40.29453976043043,
      15.420192421486252
    ],
    "190": [
      40.271449662792605,
      15.27843038613484
    ],
    "201": [
      40.199524646001514,
      15.584124287620702
    ],
    "210": [
      40.51770544870594,
      14.916349796224896
    ],
    "226": [
      40.372073057485885,
      15.304531061666104
    ],
    "242": [
      40.35023144491519,
      15.251699040473206
    ],
    "253": [
      40.348009029019,
      15.256385169086313
    ],
    "260": [
      40.363121565439336,
      14.784089222705703
    ],
    "265": [
      40.84915239210283,
      13.894800686114205
    ],
    "276": [
      38.26949003435128,
      19.145131322386543
    ],
    "284": [
      40.23650726461658,
      15.988136960094959
    ],
    "292": [
      40.299095438443146,
      15.823381066997205
    ],
    "302": [
      40.249158494633306,
      15.901754828588718
    ],
    "306": [
      40.24565710695872,
      15.862881210153253
    ],
    "309": [
      40.29583629409433,
      15.78514092124491
    ],
    "311": [
      40.29613291999784,
      15.784927893920914
    ],
    "318": [
      40.295705720033574,
      15.785714508481991
    ],
    "330": [
      40.295863221727934,
      15.783726843955156
    ],
    "337": [
      40.28832563924681,
      15.781833677402005
    ],
    "342": [
      40.28996644799333,
      15.779477092466923
    ],
    "349": [
      40.29204606718771,
      15.780551894392191
    ],