{
  "id": "minoan",
  "name": "Minoan Civilization",
  "region": "Mediterranean",
  "years": [
    -1551,
    -1451
  ],
  "defaultYear": -1551,
  "peakYear": -1551,
  "peakArea": 5498.973154411347,
  "startYear": -1551,
  "endYear": -1451,
  "color": 2142890,
  "centroids": {
    "-1551": [
      35.23414060000868,
      24.84116552173992
    ],
    "-1451": [
      35.23414060000868,
      24.84116552173992
    ]
  },
  "featureCount": {
    "-1551": 1,
    "-1451": 1
  },
  "areaByYear": {
    "-1551": 5498.973154411347,
    "-1451": 5498.973154411347
  }
}