{
  "id": "babylonian",
  "name": "Babylonian",
  "region": "Ancient Near East",
  "years": [
    -1781,
    -1756,
    -1726,
    -1651,
    -1551,
    -1451,
    -1351,
    -1271,
    -1231,
    -1176,
    -1051,
    -951,
    -851,
    -641,
    -608,
    -576,
    -546,
    -536
  ],
  "defaultYear": -576,
  "peakYear": -576,
  "peakArea": 703602.2714256626,
  "startYear": -1781,
  "endYear": -536,
  "color": 16757575,
  "centroids": {
    "-1781": [
      32.53435658297813,
      44.57996048344386
    ],
    "-1756": [
      32.059375240624625,
      46.480357433871745
    ],
    "-1726": [
      33.26582582762815,
      45.08026987073051
    ],
    "-1651": [
      32.240498162258774,
      46.0830406134937
    ],
    "-1551": [
      32.241216121852915,
      46.084113901516446
    ],
    "-1451": [
      32.134363548744524,
      46.15148740688758
    ],
    "-1351": [
      32.65253292447811,
      45.21823744892662
    ],
    "-1271": [
      31.963521249997115,
      46.37710023050373
    ],
    "-1231": [
      31.683658490508787,
      46.55188799393524
    ],
    "-1176": [
      31.666764532515504,
      46.57895905765424
    ],
    "-1051": [
      31.666764532515504,
      46.57895905765424
    ],
    "-951": [
      32.155997117100995,
      44.72797586387046
    ],
    "-851": [
      31.49340227862755,
      46.52480347187681
    ],
    "-641": [
      31.679690363783624,
      46.565077621642594
    ],
    "-608": [
      31.921802468602845,
      46.39178376972126
    ],
    "-576": [
      34.39952925165272,
      40.621301774563115
    ],
    "-546": [
      33.54886813287185,
      41.03914947338629
    ],
    "-536": [
      33.54693657661706,
      41.04193113580283
    ]
  },
  "featureCount": {
    "-1781": 1,
    "-1756": 1,
    "-1726": 1,
    "-1651": 1,
    "-1551": 1,
    "-1451": 1,
    "-1351": 1,
    "-1271": 1,
    "-1231": 1,
    "-1176": 1,
    "-1051": 1,
    "-951": 1,
    "-851": 1,
    "-641": 1,
    "-608": 1,
    "-576": 1,
    "-546": 1,
    "-536": 1
  },
  "areaByYear": {
    "-1781": 7832.8423992712405,
    "-1756": 97099.23030608517,
    "-1726": 220074.81674962374,
    "-1651": 126725.11742038673,
    "-1551": 126674.71669401186,
    "-1451": 119373.26682198912,
    "-1351": 226483.55954840998,
    "-1271": 155057.95543337235,
    "-1231": 134294.44177310079,
    "-1176": 132635.73270174998,
    "-1051": 132635.73270174998,
    "-951": 25191.50066838468,
    "-851": 118947.91508953259,
    "-641": 133937.46238721392,
    "-608": 152402.91121132922,
    "-576": 703602.2714256626,
    "-546": 569552.1323196158,
    "-536": 569252.3401550708
  }
}