{
  "id": "mitanni",
  "name": "Mitanni",
  "region": "Ancient Near East",
  "years": [
    -1451,
    -1351,
    -1271
  ],
  "defaultYear": -1451,
  "peakYear": -1451,
  "peakArea": 189149.06227042546,
  "startYear": -1451,
  "endYear": -1271,
  "color": 13935988,
  "centroids": {
    "-1451": [
      36.12786224532686,
      39.63592923971124
    ],
    "-1351": [
      36.14545073997045,
      39.67728398175482
    ],
    "-1271": [
      36.40330302628296,
      38.70052691144372
    ]
  },
  "featureCount": {
    "-1451": 1,
    "-1351": 1,
    "-1271": 1
  },
  "areaByYear": {
    "-1451": 189149.06227042546,
    "-1351": 181413.012357848,
    "-1271": 48934.1264615533
  }
}