{
  "id": "han",
  "name": "Han Dynasty",
  "region": "East Asia",
  "years": [
    -1421,
    -1171,
    -1051,
    -200,
    -198,
    -168,
    -162,
    -155,
    -119,
    -118,
    -101,
    -85,
    -79,
    -64,
    -59,
    -44,
    -41,
    -30,
    -16,
    9,
    36,
    39,
    46,
    55,
    63,
    72,
    80,
    87,
    98,
    111,
    116,
    135,
    140,
    157,
    162,
    172,
    174,
    190,
    195,
    201,
    210,
    219,
    230,
    923,
    996,
    1003,
    1041,
    1050,
    1116,
    1172,
    1184,
    1196
  ],
  "defaultYear": 98,
  "peakYear": 98,
  "peakArea": 9165949.370079638,
  "startYear": -1421,
  "endYear": 1196,
  "color": 16737095,
  "centroids": {
    "-1421": [
      36.387880498031876,
      115.1968794797443
    ],
    "-1171": [
      36.387880498031876,
      115.1968794797443
    ],
    "-1051": [
      36.387880498031876,
      115.1968794797443
    ],
    "-200": [
      33.15605157868507,
      113.03251441490616
    ],
    "-198": [
      18.645222822778692,
      77.66033356841578
    ],
    "-168": [
      22.05368531423643,
      80.06147624706053
    ],
    "-162": [
      33.156876463021284,
      113.0338294058888
    ],
    "-155": [
      18.681714322948697,
      78.47218220122876
    ],
    "-119": [
      33.198314697611565,
      112.58235620235199
    ],
    "-118": [
      18.832523250844662,
      78.4725859404215
    ],
    "-101": [
      32.20149225185536,
      111.3372649562078
    ],
    "-85": [
      31.536971536498335,
      110.92865863566372
    ],
    "-79": [
      18.832523250844662,
      78.4725859404215
    ],
    "-64": [
      31.78507854985196,
      110.10907678645403
    ],
    "-59": [
      18.833283290598313,
      78.47422456427505
    ],
    "-44": [
      32.89048776537478,
      106.44427410933196
    ],
    "-41": [
      18.832523250844662,
      78.4725859404215
    ],
    "-30": [
      18.91385283050646,
      76.73001128533096
    ],
    "-16": [
      32.8572317987212,
      106.34953371032273
    ],
    "9": [
      41.69190241783187,
      90.99058944698672
    ],
    "36": [
      31.158410432780954,
      111.41061738120102
    ],
    "39": [
      19.729971372246172,
      77.51046999449365
    ],
    "46": [
      31.581337839768544,
      111.82051026417751
    ],
    "55": [
      31.312143955706564,
      111.67572177983342
    ],
    "63": [
      31.308545426642013,
      111.673253499854
    ],
    "72": [
      31.30888343089758,
      111.67278634174433
    ],
    "80": [
      31.308545426642013,
      111.673253499854
    ],
    "87": [
      31.307874965819174,
      111.67379625502487
    ],
    "98": [
      33.15310236900066,
      106.26610614512481
    ],
    "111": [
      32.93376976873484,
      106.15730044331131
    ],
    "116": [
      19.730711626374333,
      77.50942194669108
    ],
    "135": [
      31.606540593823038,
      110.22893150321906
    ],
    "140": [
      18.40756143800169,
      77.75227423410976
    ],
    "157": [
      27.215135160425422,
      99.37953114807128
    ],
    "162": [
      31.60669259284374,
      110.22761951092583
    ],
    "172": [
      18.431750118379966,
      77.6807674124651
    ],
    "174": [
      31.606398804873503,
      110.22869357339697
    ],
    "190": [
      31.604501781577493,
      110.22660454843194
    ],
    "195": [
      19.212329737677987,
      77.89310839506325
    ],
    "201": [
      31.152270366921588,
      111.18176261526924
    ],
    "210": [
      26.166189299509924,
      97.22925078464533
    ],
    "219": [
      24.455609876185417,
      97.8093305563195
    ],
    "230": [
      25.156492872077667,
      110.62240521218055
    ],
    "923": [
      21.40795928246829,
      92.8914481645495
    ],
    "996": [
      21.3859900824519,
      92.89440742766078
    ],
    "1003": [
      28.07556280920386,
      74.60784388342309
    ],
    "1041": [
      28.077784512541108,
      74.60591932539803
    ],
    "1050": [
      21.3859900824519,
      92.89440742766078
    ],
    "1116": [
      27.240894001665648,
      74.49903769088681
    ],
    "1172": [
      15.100942259789086,
      44.945781357356125
    ],
    "1184": [
      27.248322371161215,
      74.50420240387363
    ],
    "1196": [
      27.240894001665648,
      74.49903769088681
    ]
  },
  "featureCount": {
    "-1421": 1,
    "-1171": 1,
    "-1051": 1,
    "-200": 2,
    "-198": 1,
    "-168": 1,
    "-162": 2,
    "-155": 1,
    "-119": 2,
    "-118": 1,
    "-101": 2,
    "-85": 2,
    "-79": 1,
    "-64": 2,
    "-59": 1,
    "-44": 2,
    "-41": 1,
    "-30": 1,
    "-16": 2,
    "9": 2,
    "36": 2,
    "39": 1,
    "46": 2,
    "55": 2,
    "63": 2,
    "72": 2,
    "80": 2,
    "87": 2,
    "98": 2,
    "111": 2,
    "116": 1,
    "135": 2,
    "140": 1,
    "157": 3,
    "162": 2,
    "172": 1,
    "174": 2,
    "190": 2,
    "195": 1,
    "201": 2,
    "210": 3,
    "219": 3,
    "230": 2,
    "923": 1,
    "996": 1,
    "1003": 1,
    "1041": 1,
    "1050": 1,
    "1116": 1,
    "1172": 1,
    "1184": 1,
    "1196": 1
  },
  "areaByYear": {
    "-1421": 154175.18097786023,
    "-1171": 154175.18097786023,
    "-1051": 154175.18097786023,
    "-200": 4085289.1091463417,
    "-198": 535339.4007227579,
    "-168": 1655395.3165280852,
    "-162": 4085738.612695236,
    "-155": 618592.0498318573,
    "-119": 4142685.080037346,
    "-118": 657880.8791161228,
    "-101": 6316394.660119503,
    "-85": 7652995.138391889,
    "-79": 657880.8791161228,
    "-64": 7899054.209271875,
    "-59": 657644.9543631942,
    "-44": 8968904.112430984,
    "-41": 657880.8791161228,
    "-30": 689610.8582801267,
    "-16": 8930697.398359023,
    "9": 286.87148071444597,
    "36": 7286678.634040545,
    "39": 890000.9594747243,
    "46": 7213247.047188497,
    "55": 7413329.226097362,
    "63": 7411014.676804601,
    "72": 7411309.110714574,
    "80": 7411014.676804601,
    "87": 7410482.0411879085,
    "98": 9165949.370079638,
    "111": 8850879.423665177,
    "116": 890253.6536908058,
    "135": 7639578.577508727,
    "140": 600259.3850491289,
    "157": 8250205.659582479,
    "162": 7639775.072235868,
    "172": 610645.5289169899,
    "174": 7639481.973272031,
    "190": 7642386.846847063,
    "195": 750281.783212351,
    "201": 6882210.530142341,
    "210": 4941124.800916702,
    "219": 4086667.8087857678,
    "230": 1577997.9918967236,
    "923": 77249.53437557809,
    "996": 76440.11733779161,
    "1003": 242470.82082297522,
    "1041": 242786.06780257585,
    "1050": 76440.11733779161,
    "1116": 149498.48747495213,
    "1172": 212466.78294570898,
    "1184": 149258.58130093713,
    "1196": 149498.48747495213
  }
}