{
  "id": "carthaginian",
  "name": "Carthaginian Empire",
  "region": "Mediterranean",
  "years": [
    -641,
    -566,
    -491,
    -466,
    -428,
    -394,
    -361,
    -323,
    -305,
    -290,
    -277,
    -274,
    -269,
    -261,
    -252,
    -244,
    -235,
    -225,
    -218,
    -215,
    -212,
    -210,
    -208,
    -205,
    -203,
    -200,
    -181,
    -155
  ],
  "defaultYear": -218,
  "peakYear": -218,
  "peakArea": 906493.2646433597,
  "startYear": -641,
  "endYear": -155,
  "color": 16755336,
  "centroids": {
    "-641": [
      36.651829459957895,
      10.443703002101651
    ],
    "-566": [
      36.4764788596432,
      10.162274467850784
    ],
    "-491": [
      35.100259532033284,
      9.515250691792781
    ],
    "-466": [
      35.12670432381018,
      9.266885881716927
    ],
    "-428": [
      35.90114242535351,
      7.056469347508062
    ],
    "-394": [
      35.94025863050197,
      7.2315402051365645
    ],
    "-361": [
      35.91383353505052,
      7.095627955625713
    ],
    "-323": [
      35.90769105173849,
      7.075608001648588
    ],
    "-305": [
      36.06752236300746,
      7.758854709763735
    ],
    "-290": [
      35.99786995084279,
      7.430128966437357
    ],
    "-277": [
      35.895322812737156,
      7.039725332542935
    ],
    "-274": [
      35.99105942488889,
      7.402593554098909
    ],
    "-269": [
      35.97538464810731,
      7.33257611812066
    ],
    "-261": [
      36.31322553590081,
      7.413992653162829
    ],
    "-252": [
      36.29677867834526,
      7.28529861841511
    ],
    "-244": [
      36.2766945666365,
      7.148941506182225
    ],
    "-235": [
      36.271289642006714,
      7.138185185283837
    ],
    "-225": [
      36.818927037407256,
      1.4459960076133425
    ],
    "-218": [
      37.954667040805134,
      0.8051975097351157
    ],
    "-215": [
      38.363318146302674,
      4.289417410378759
    ],
    "-212": [
      37.104866016686195,
      4.960166366916268
    ],
    "-210": [
      37.09947659112694,
      5.288439134225423
    ],
    "-208": [
      38.13192568345645,
      6.343210754608072
    ],
    "-205": [
      36.248087859803974,
      3.574861392603126
    ],
    "-203": [
      35.45045601337869,
      5.390771722408847
    ],
    "-200": [
      35.10907677279285,
      7.682762359852954
    ],
    "-181": [
      35.86851621481853,
      9.868998950754563
    ],
    "-155": [
      35.86851621481853,
      9.868998950754563
    ]
  },
  "featureCount": {
    "-641": 2,
    "-566": 2,
    "-491": 2,
    "-466": 2,
    "-428": 2,
    "-394": 2,
    "-361": 2,
    "-323": 2,
    "-305": 2,
    "-290": 2,
    "-277": 2,
    "-274": 2,
    "-269": 2,
    "-261": 2,
    "-252": 2,
    "-244": 2,
    "-235": 2,
    "-225": 2,
    "-218": 2,
    "-215": 2,
    "-212": 2,
    "-210": 2,
    "-208": 2,
    "-205": 2,
    "-203": 2,
    "-200": 2,
    "-181": 2,
    "-155": 2
  },
  "areaByYear": {
    "-641": 7456.782881159893,
    "-566": 24534.691148867623,
    "-491": 247346.49822761715,
    "-466": 255019.11482966578,
    "-428": 395035.1770280424,
    "-394": 405508.8886288565,
    "-361": 397696.2376550738,
    "-323": 396365.888635001,
    "-305": 437273.2485546841,
    "-290": 416607.7871896487,
    "-277": 394003.0551183928,
    "-274": 415280.87726756244,
    "-269": 411532.92186921777,
    "-261": 432600.088548988,
    "-252": 421065.24809010647,
    "-244": 418384.5864113505,
    "-235": 417952.49935507815,
    "-225": 691966.953571078,
    "-218": 906493.2646433597,
    "-215": 807857.9100519358,
    "-212": 735275.7776161382,
    "-210": 749231.8035084527,
    "-208": 808051.2576135425,
    "-205": 590098.0937432445,
    "-203": 642933.7706777557,
    "-200": 281324.0742047022,
    "-181": 92432.2951429288,
    "-155": 92432.2951429288
  }
}