{
  "id": "carthaginian",
  "name": "Carthaginian Empire",
  "region": "Mediterranean",
  "years": [
    -641,
    -566,
    -491,
    -466,
    -428,
    -394,
    -361,
    -323,
    -305,
    -290,
    -277,
    -274,
    -269,
    -261,
    -252,
    -244,
    -235,
    -225,
    -218,
    -215,
    -212,
    -210,
    -208,
    -205,
    -203,
    -200,
    -181,
    -155
  ],
  "defaultYear": -218,
  "peakYear": -218,
  "peakArea": 453246.63232167985,
  "startYear": -641,
  "endYear": -155,
  "color": 14423100,
  "centroids": {
    "-641": [
      36.651829459957895,
      10.443703002101651
    ],
    "-566": [
      36.4764788596432,
      10.162274467850784
    ],
    "-491": [
      35.100259532033284,
      9.515250691792781
    ],
    "-466": [
      35.12670432381018,
      9.266885881716927
    ],
    "-428": [
      35.90114242535351,
      7.056469347508062
    ],
    "-394": [
      35.94025863050197,
      7.2315402051365645
    ],
    "-361": [
      35.91383353505052,
      7.095627955625713
    ],
    "-323": [
      35.90769105173849,
      7.075608001648588
    ],
    "-305": [
      36.06752236300746,
      7.758854709763735
    ],
    "-290": [
      35.99786995084279,
      7.430128966437357
    ],
    "-277": [
      35.895322812737156,
      7.039725332542935
    ],
    "-274": [
      35.99105942488889,
      7.402593554098909
    ],
    "-269": [
      35.97538464810731,
      7.33257611812066
    ],
    "-261": [
      36.31322553590081,
      7.413992653162829
    ],
    "-252": [
      36.29677867834526,
      7.28529861841511
    ],
    "-244": [
      36.2766945666365,
      7.148941506182225
    ],
    "-235": [
      36.271289642006714,
      7.138185185283837
    ],
    "-225": [
      36.818927037407256,
      1.4459960076133425
    ],
    "-218": [
      37.954667040805134,
      0.8051975097351157
    ],
    "-215": [
      38.363318146302674,
      4.289417410378759
    ],
    "-212": [
      37.104866016686195,
      4.960166366916268
    ],
    "-210": [
      37.09947659112694,
      5.288439134225423
    ],
    "-208": [
      38.13192568345645,
      6.343210754608072
    ],
    "-205": [
      36.248087859803974,
      3.574861392603126
    ],
    "-203": [
      35.45045601337869,
      5.390771722408847
    ],
    "-200": [
      35.10907677279285,
      7.682762359852954
    ],
    "-181": [
      35.86851621481853,
      9.868998950754563
    ],
    "-155": [
      35.86851621481853,
      9.868998950754563
    ]
  },
  "featureCount": {
    "-641": 1,
    "-566": 1,
    "-491": 1,
    "-466": 1,
    "-428": 1,
    "-394": 1,
    "-361": 1,
    "-323": 1,
    "-305": 1,
    "-290": 1,
    "-277": 1,
    "-274": 1,
    "-269": 1,
    "-261": 1,
    "-252": 1,
    "-244": 1,
    "-235": 1,
    "-225": 1,
    "-218": 1,
    "-215": 1,
    "-212": 1,
    "-210": 1,
    "-208": 1,
    "-205": 1,
    "-203": 1,
    "-200": 1,
    "-181": 1,
    "-155": 1
  },
  "areaByYear": {
    "-641": 3728.3914405799464,
    "-566": 12267.345574433812,
    "-491": 123673.24911380858,
    "-466": 127509.55741483289,
    "-428": 197517.5885140212,
    "-394": 202754.44431442826,
    "-361": 198848.1188275369,
    "-323": 198182.9443175005,
    "-305": 218636.62427734205,
    "-290": 208303.89359482436,
    "-277": 197001.5275591964,
    "-274": 207640.43863378122,
    "-269": 205766.46093460888,
    "-261": 216300.044274494,
    "-252": 210532.62404505324,
    "-244": 209192.29320567526,
    "-235": 208976.24967753908,
    "-225": 345983.476785539,
    "-218": 453246.63232167985,
    "-215": 403928.9550259679,
    "-212": 367637.8888080691,
    "-210": 374615.90175422636,
    "-208": 404025.62880677124,
    "-205": 295049.04687162227,
    "-203": 321466.88533887785,
    "-200": 140662.0371023511,
    "-181": 46216.1475714644,
    "-155": 46216.1475714644
  }
}