{
  "id": "elam",
  "name": "Elam",
  "region": "Ancient Near East",
  "years": [
    -2951,
    -2151,
    -2051,
    -1901,
    -1781,
    -1681,
    -1501,
    -1351,
    -1226,
    -1126,
    -1051,
    -951,
    -851,
    -751,
    -666,
    -608
  ],
  "defaultYear": -1126,
  "peakYear": -1126,
  "peakArea": 215099.67666294615,
  "startYear": -2951,
  "endYear": -608,
  "color": 15115340,
  "centroids": {
    "-2951": [
      32.17181433476369,
      48.42685988499612
    ],
    "-2151": [
      31.006574531989614,
      49.76437882267955
    ],
    "-2051": [
      29.55348024854186,
      51.211734017742415
    ],
    "-1901": [
      32.50154521425284,
      47.54629513597492
    ],
    "-1781": [
      31.892243755134754,
      48.36370020513816
    ],
    "-1681": [
      30.95699324413781,
      49.96950145098133
    ],
    "-1501": [
      30.95699324413781,
      49.96950145098133
    ],
    "-1351": [
      30.93364753595756,
      49.95609538701917
    ],
    "-1226": [
      30.93364753595756,
      49.95609538701917
    ],
    "-1126": [
      31.38516135658171,
      47.866033603824484
    ],
    "-1051": [
      30.93364753595756,
      49.95609538701917
    ],
    "-951": [
      32.295294017276206,
      48.42060210740759
    ],
    "-851": [
      31.647807731912945,
      49.21246656190491
    ],
    "-751": [
      31.576947942895682,
      48.999858779114454
    ],
    "-666": [
      31.642190300297326,
      49.21787275967389
    ],
    "-608": [
      31.61990464077557,
      49.20265894502837
    ]
  },
  "featureCount": {
    "-2951": 1,
    "-2151": 1,
    "-2051": 1,
    "-1901": 1,
    "-1781": 1,
    "-1681": 1,
    "-1501": 1,
    "-1351": 1,
    "-1226": 1,
    "-1126": 1,
    "-1051": 1,
    "-951": 1,
    "-851": 1,
    "-751": 1,
    "-666": 1,
    "-608": 1
  },
  "areaByYear": {
    "-2951": 4927.8478131011,
    "-2151": 89634.288934156,
    "-2051": 25323.695121879933,
    "-1901": 111341.68821524362,
    "-1781": 145480.0113290921,
    "-1681": 79387.24858399249,
    "-1501": 79387.24858399249,
    "-1351": 81969.45075125461,
    "-1226": 81969.45075125461,
    "-1126": 215099.67666294615,
    "-1051": 81969.45075125461,
    "-951": 19287.536261736735,
    "-851": 46091.764511313224,
    "-751": 59563.87380886911,
    "-666": 45888.04899421198,
    "-608": 43937.763070696245
  }
}