{
  "id": "assyrian",
  "name": "Assyrian Empire",
  "region": "Ancient Near East",
  "years": [
    -1781,
    -1731,
    -1601,
    -1451,
    -1351,
    -1271,
    -1231,
    -1211,
    -1176,
    -1126,
    -1051,
    -951,
    -851,
    -776,
    -726,
    -688,
    -646,
    -641,
    -623,
    -608
  ],
  "defaultYear": -623,
  "peakYear": -623,
  "peakArea": 1434927.6462992039,
  "startYear": -1781,
  "endYear": -608,
  "color": 8388608,
  "centroids": {
    "-1781": [
      35.943522431327295,
      42.80495418648173
    ],
    "-1731": [
      35.59117577950941,
      43.96894552888949
    ],
    "-1601": [
      34.964610663197696,
      44.07275403943319
    ],
    "-1451": [
      35.27779757382845,
      44.57583231487758
    ],
    "-1351": [
      35.3042018183646,
      44.57439067192491
    ],
    "-1271": [
      35.18062847883553,
      42.47750332235927
    ],
    "-1231": [
      36.62149136678783,
      41.934932815359396
    ],
    "-1211": [
      35.5544014004482,
      42.77356811061377
    ],
    "-1176": [
      36.59288602618956,
      41.75153238824806
    ],
    "-1126": [
      36.75111966485255,
      41.143740348946544
    ],
    "-1051": [
      36.751090490974605,
      41.14659007272519
    ],
    "-951": [
      35.55812104988791,
      44.068467955284696
    ],
    "-851": [
      35.281978752133256,
      42.210097522696444
    ],
    "-776": [
      35.73746714288403,
      41.369553139409334
    ],
    "-726": [
      35.72102088231009,
      41.37733907007156
    ],
    "-688": [
      35.892920918414035,
      41.16172660950384
    ],
    "-646": [
      33.12676679519504,
      38.054777957088724
    ],
    "-641": [
      33.25996045765203,
      37.21211985101451
    ],
    "-623": [
      33.061293825965244,
      38.450949715562174
    ],
    "-608": [
      35.28798471178202,
      40.03745018304081
    ]
  },
  "featureCount": {
    "-1781": 1,
    "-1731": 1,
    "-1601": 1,
    "-1451": 1,
    "-1351": 1,
    "-1271": 1,
    "-1231": 1,
    "-1211": 1,
    "-1176": 1,
    "-1126": 1,
    "-1051": 1,
    "-951": 1,
    "-851": 1,
    "-776": 1,
    "-726": 1,
    "-688": 1,
    "-646": 1,
    "-641": 1,
    "-623": 1,
    "-608": 1
  },
  "areaByYear": {
    "-1781": 77170.6159151269,
    "-1731": 25617.15384405311,
    "-1601": 63721.64145582214,
    "-1451": 35815.68627026095,
    "-1351": 34429.08876087263,
    "-1271": 195096.88330923373,
    "-1231": 445830.5749350426,
    "-1211": 599295.4393129479,
    "-1176": 467281.9910773737,
    "-1126": 539102.2662862024,
    "-1051": 538854.0930560814,
    "-951": 25472.95122412223,
    "-851": 250500.31487280346,
    "-776": 519471.6476699747,
    "-726": 516129.981320938,
    "-688": 919709.3475035897,
    "-646": 1400267.8125401214,
    "-641": 1255816.3369351116,
    "-623": 1434927.6462992039,
    "-608": 555872.3072087556
  }
}