{
  "id": "achaemenid",
  "name": "Achaemenid Persia",
  "region": "Persian/Central Asia",
  "years": [
    -546,
    -536,
    -516,
    -491,
    -466,
    -428,
    -394,
    -375,
    -359,
    -344,
    -336,
    -333,
    -329
  ],
  "defaultYear": -466,
  "peakYear": -466,
  "peakArea": 5623624.381574288,
  "startYear": -546,
  "endYear": -329,
  "color": 2003199,
  "centroids": {
    "-546": [
      35.4609868611262,
      56.852035595108134
    ],
    "-536": [
      35.81343447654896,
      54.152945771061084
    ],
    "-516": [
      35.531496002557596,
      52.473066912248115
    ],
    "-491": [
      33.93932892009086,
      50.80583102044909
    ],
    "-466": [
      34.043330998389074,
      50.46596336102651
    ],
    "-428": [
      33.918078309703006,
      50.90284421452656
    ],
    "-394": [
      34.57806399799675,
      49.4954214031098
    ],
    "-375": [
      35.521895725612985,
      52.47392335655261
    ],
    "-359": [
      35.52013046101249,
      52.430350210300894
    ],
    "-344": [
      35.52165091783999,
      52.408441910553535
    ],
    "-336": [
      34.593388117494825,
      49.40902312953898
    ],
    "-333": [
      34.19010371164861,
      51.060871381825905
    ],
    "-329": [
      35.14620327295657,
      56.728326981607864
    ]
  },
  "featureCount": {
    "-546": 1,
    "-536": 1,
    "-516": 1,
    "-491": 1,
    "-466": 1,
    "-428": 1,
    "-394": 1,
    "-375": 1,
    "-359": 1,
    "-344": 1,
    "-336": 1,
    "-333": 1,
    "-329": 1
  },
  "areaByYear": {
    "-546": 3326920.9378264085,
    "-536": 3707702.932475174,
    "-516": 4270754.54169736,
    "-491": 5553273.756205113,
    "-466": 5623624.381574288,
    "-428": 5526368.853202325,
    "-394": 4993843.6612254195,
    "-375": 4313013.875365746,
    "-359": 4323268.094901446,
    "-344": 4325115.895291048,
    "-336": 5010404.411095214,
    "-333": 4602675.367709732,
    "-329": 3507794.6461288477
  }
}